Date,Branch,Shift,Inflow_m3,Outflow_m3,Loss_m3,Total_Production_Cost_RWF,Water_Revenue_RWF,Net_Profit_RWF,Recorded_By,pH_Level,Turbidity_NTU,Temperature,Chlorine_mgL,Nitrate_mgL,Efficiency_%
2021-01-01,KIGALI,Day,87870.0,67721.0,20149.0,2505645.0,52009765.0,49504120.0,system_historical,6.82,3.22,23.03,0.25,36.34,77.1
2021-01-15,KIGALI,Day,90766.8,69746.3,21020.5,2872483.0,53565125.0,50692642.0,system_historical,7.39,2.7,23.01,0.44,30.36,76.8
2021-02-01,KIGALI,Night,85995.8,63069.1,22926.7,2931680.0,48437065.0,45505386.0,system_historical,7.38,4.12,21.6,0.35,37.05,73.3
2021-02-15,KIGALI,Night,88132.7,67149.9,20982.8,2911025.0,51571123.0,48660098.0,system_historical,7.06,3.91,18.24,0.3,34.74,76.2
2021-03-01,KIGALI,Day,90338.8,67642.7,22696.1,2542443.0,51949568.0,49407125.0,system_historical,7.1,4.46,22.98,0.4,32.01,74.9
2021-03-15,KIGALI,Day,87789.7,64192.9,23596.8,2660517.0,49300130.0,46639613.0,system_historical,6.98,3.25,21.53,0.29,33.66,73.1
2021-04-01,KIGALI,Night,90425.2,67837.8,22587.4,2394792.0,52099443.0,49704650.0,system_historical,7.27,3.08,21.97,0.35,35.15,75.0
2021-04-15,KIGALI,Night,91666.2,68653.3,23012.9,2682100.0,52725705.0,50043605.0,system_historical,6.96,2.97,21.48,0.4,44.99,74.9
2021-05-01,KIGALI,Day,90552.1,69196.6,21355.5,2840808.0,53142981.0,50302172.0,system_historical,7.41,1.54,23.34,0.31,32.38,76.4
2021-05-15,KIGALI,Day,90908.3,66021.4,24886.9,2568127.0,50704434.0,48136307.0,system_historical,7.35,2.73,18.95,0.39,40.17,72.6
2021-06-01,KIGALI,Night,86439.5,64422.1,22017.4,2408609.0,49476202.0,47067593.0,system_historical,7.3,2.55,21.16,0.31,25.82,74.5
2021-06-15,KIGALI,Night,88835.0,66519.5,22315.5,2439912.0,51086965.0,48647053.0,system_historical,7.0,4.28,21.77,0.38,30.32,74.9
2021-07-01,KIGALI,Day,87628.4,63605.1,24023.3,2676481.0,48848690.0,46172209.0,system_historical,7.35,2.87,23.28,0.32,39.71,72.6
2021-07-15,KIGALI,Day,89104.9,66431.5,22673.4,2516397.0,51019412.0,48503015.0,system_historical,7.22,3.53,21.76,0.41,32.0,74.6
2021-08-01,KIGALI,Night,89539.9,67439.5,22100.4,2553527.0,51793505.0,49239978.0,system_historical,7.11,3.34,20.35,0.28,22.56,75.3
2021-08-15,KIGALI,Night,89666.6,65332.8,24333.8,2763731.0,50175583.0,47411852.0,system_historical,7.23,2.23,19.68,0.43,23.01,72.9
2021-09-01,KIGALI,Day,91074.5,67491.5,23583.0,2365489.0,51833468.0,49467979.0,system_historical,7.22,2.26,23.74,0.39,25.35,74.1
2021-09-15,KIGALI,Day,87218.6,65594.6,21624.0,2771886.0,50376653.0,47604767.0,system_historical,7.15,3.5,20.3,0.29,33.95,75.2
2021-10-01,KIGALI,Night,94115.1,70973.5,23141.6,2781033.0,54507669.0,51726636.0,system_historical,7.0,4.05,22.11,0.37,34.13,75.4
2021-10-15,KIGALI,Night,93024.3,67491.8,25532.5,2706159.0,51833715.0,49127556.0,system_historical,6.96,3.12,23.06,0.45,39.67,72.6
2021-11-01,KIGALI,Day,93902.8,68229.8,25673.0,2523279.0,52400467.0,49877188.0,system_historical,7.12,3.9,21.91,0.41,42.57,72.7
2021-11-15,KIGALI,Day,93914.6,68823.6,25091.0,2538891.0,52856507.0,50317617.0,system_historical,6.98,2.14,18.75,0.43,32.44,73.3
2021-12-01,KIGALI,Night,86378.1,64872.5,21505.6,2675845.0,49822042.0,47146197.0,system_historical,6.96,2.06,23.69,0.33,23.09,75.1
2021-12-15,KIGALI,Night,92749.5,69454.8,23294.7,2391122.0,53341293.0,50950171.0,system_historical,7.21,1.82,18.59,0.38,32.27,74.9
2021-01-01,MUHANGA,Day,30199.3,22509.3,7690.0,1605875.0,17287142.0,15681267.0,system_historical,7.44,4.29,21.19,0.41,36.58,74.5
2021-01-15,MUHANGA,Day,30345.1,22943.9,7401.2,1521648.0,17620884.0,16099236.0,system_historical,7.15,1.79,20.45,0.38,44.89,75.6
2021-02-01,MUHANGA,Night,29028.7,22398.2,6630.5,1458364.0,17201789.0,15743425.0,system_historical,7.43,4.44,18.26,0.33,38.35,77.2
2021-02-15,MUHANGA,Night,28587.9,21237.7,7350.2,1755930.0,16310581.0,14554650.0,system_historical,6.8,1.57,18.2,0.38,29.58,74.3
2021-03-01,MUHANGA,Day,30876.1,23932.7,6943.4,1836178.0,18380334.0,16544156.0,system_historical,6.83,3.19,20.51,0.43,31.34,77.5
2021-03-15,MUHANGA,Day,29826.3,22462.3,7364.0,1672409.0,17251029.0,15578620.0,system_historical,7.27,2.79,20.96,0.35,24.72,75.3
2021-04-01,MUHANGA,Night,30255.4,23337.5,6917.9,1650209.0,17923228.0,16273019.0,system_historical,7.48,3.23,22.16,0.42,24.61,77.1
2021-04-15,MUHANGA,Night,29725.6,21674.6,8051.0,1737946.0,16646123.0,14908178.0,system_historical,7.27,4.29,18.03,0.37,23.58,72.9
2021-05-01,MUHANGA,Day,30964.5,23506.7,7457.8,1457551.0,18053139.0,16595588.0,system_historical,6.99,4.06,19.47,0.34,19.55,75.9
2021-05-15,MUHANGA,Day,29400.5,21509.3,7891.1,1420243.0,16519165.0,15098922.0,system_historical,7.14,2.14,18.39,0.4,23.47,73.2
2021-06-01,MUHANGA,Night,30217.3,23299.3,6918.0,1890867.0,17893891.0,16003024.0,system_historical,7.01,3.15,18.57,0.35,31.15,77.1
2021-06-15,MUHANGA,Night,30034.9,22905.7,7129.2,1554939.0,17591552.0,16036612.0,system_historical,6.89,4.12,20.36,0.27,33.18,76.3
2021-07-01,MUHANGA,Day,30345.2,23173.6,7171.6,1430167.0,17797355.0,16367189.0,system_historical,7.06,3.99,21.21,0.38,30.81,76.4
2021-07-15,MUHANGA,Day,31417.3,24059.9,7357.4,1427650.0,18477974.0,17050324.0,system_historical,7.06,2.06,20.2,0.26,19.88,76.6
2021-08-01,MUHANGA,Night,30798.3,23547.1,7251.2,1505521.0,18084207.0,16578687.0,system_historical,7.4,2.57,21.35,0.41,37.7,76.5
2021-08-15,MUHANGA,Night,31079.5,23653.5,7426.0,1746924.0,18165867.0,16418943.0,system_historical,6.82,1.84,20.81,0.37,31.86,76.1
2021-09-01,MUHANGA,Day,29321.5,21779.0,7542.5,1548843.0,16726289.0,15177447.0,system_historical,6.81,2.01,23.18,0.31,26.78,74.3
2021-09-15,MUHANGA,Day,31297.0,23558.9,7738.2,1520422.0,18093200.0,16572778.0,system_historical,7.24,4.14,18.02,0.3,41.75,75.3
2021-10-01,MUHANGA,Night,30482.2,22810.7,7671.4,1719456.0,17518649.0,15799193.0,system_historical,7.44,3.15,23.39,0.42,42.71,74.8
2021-10-15,MUHANGA,Night,29243.7,21328.5,7915.2,1284941.0,16380294.0,15095353.0,system_historical,7.34,3.77,22.81,0.38,44.56,72.9
2021-11-01,MUHANGA,Day,31202.6,22592.6,8610.0,1676317.0,17351137.0,15674820.0,system_historical,6.87,3.96,21.02,0.4,15.05,72.4
2021-11-15,MUHANGA,Day,28729.7,21527.4,7202.3,1480929.0,16533057.0,15052129.0,system_historical,6.98,2.18,21.25,0.34,15.72,74.9
2021-12-01,MUHANGA,Night,28764.7,22097.6,6667.1,1685191.0,16970958.0,15285767.0,system_historical,7.27,2.72,21.57,0.34,22.61,76.8
2021-12-15,MUHANGA,Night,30431.3,22536.9,7894.3,1501952.0,17308356.0,15806404.0,system_historical,7.45,3.64,18.8,0.38,23.98,74.1
2021-01-01,MUSANZE,Day,17583.9,13611.7,3972.2,1185202.0,10453784.0,9268582.0,system_historical,6.93,3.22,21.93,0.29,17.88,77.4
2021-01-15,MUSANZE,Day,16630.5,12738.2,3892.3,1354056.0,9782928.0,8428872.0,system_historical,7.17,2.57,21.39,0.41,15.28,76.6
2021-02-01,MUSANZE,Night,16783.1,12440.4,4342.7,1346852.0,9554230.0,8207378.0,system_historical,7.0,2.66,23.34,0.27,37.64,74.1
2021-02-15,MUSANZE,Night,16636.3,12930.1,3706.3,1337203.0,9930279.0,8593075.0,system_historical,7.17,3.62,21.06,0.32,38.87,77.7
2021-03-01,MUSANZE,Day,16503.7,12649.4,3854.3,1337977.0,9714708.0,8376731.0,system_historical,6.87,3.25,18.31,0.32,22.81,76.6
2021-03-15,MUSANZE,Day,17225.7,12887.4,4338.4,1593127.0,9897503.0,8304375.0,system_historical,7.14,3.66,20.77,0.4,18.37,74.8
2021-04-01,MUSANZE,Night,16725.8,12122.8,4603.0,1299525.0,9310290.0,8010765.0,system_historical,7.17,3.4,18.89,0.32,42.51,72.5
2021-04-15,MUSANZE,Night,16260.1,12554.9,3705.3,1229058.0,9642133.0,8413075.0,system_historical,6.98,3.49,18.06,0.43,29.32,77.2
2021-05-01,MUSANZE,Day,16541.6,12130.0,4411.7,1263231.0,9315804.0,8052572.0,system_historical,7.3,1.83,21.37,0.32,22.15,73.3
2021-05-15,MUSANZE,Day,17259.5,13354.8,3904.6,1270917.0,10256518.0,8985601.0,system_historical,7.35,2.77,20.82,0.33,33.24,77.4
2021-06-01,MUSANZE,Night,17589.6,13295.3,4294.3,1414698.0,10210804.0,8796106.0,system_historical,6.84,1.71,20.74,0.3,36.92,75.6
2021-06-15,MUSANZE,Night,16358.1,12414.6,3943.6,1183353.0,9534377.0,8351024.0,system_historical,6.97,3.55,19.9,0.38,27.11,75.9
2021-07-01,MUSANZE,Day,16165.8,11977.4,4188.4,1382174.0,9198634.0,7816460.0,system_historical,6.98,3.76,18.36,0.26,41.09,74.1
2021-07-15,MUSANZE,Day,17043.7,13138.4,3905.3,1362700.0,10090282.0,8727581.0,system_historical,7.11,3.53,23.69,0.34,37.89,77.1
2021-08-01,MUSANZE,Night,17365.1,13375.7,3989.4,1483874.0,10272576.0,8788701.0,system_historical,6.82,1.84,20.05,0.34,30.09,77.0
2021-08-15,MUSANZE,Night,17518.1,13286.7,4231.4,1405540.0,10204216.0,8798676.0,system_historical,7.22,3.69,21.52,0.33,35.36,75.8
2021-09-01,MUSANZE,Day,17465.2,12794.0,4671.1,1149075.0,9825826.0,8676750.0,system_historical,7.3,3.51,18.97,0.37,41.24,73.3
2021-09-15,MUSANZE,Day,16274.2,12384.6,3889.6,1273545.0,9511354.0,8237809.0,system_historical,7.16,3.57,21.52,0.33,32.73,76.1
2021-10-01,MUSANZE,Night,16475.7,12407.3,4068.4,1439567.0,9528845.0,8089278.0,system_historical,6.96,4.28,18.51,0.41,23.29,75.3
2021-10-15,MUSANZE,Night,17641.0,12949.7,4691.3,1437952.0,9945386.0,8507433.0,system_historical,7.25,4.06,19.49,0.44,37.56,73.4
2021-11-01,MUSANZE,Day,17583.6,13318.9,4264.7,1515908.0,10228930.0,8713022.0,system_historical,7.49,1.5,21.66,0.3,42.32,75.7
2021-11-15,MUSANZE,Day,16736.5,12228.3,4508.2,1354909.0,9391343.0,8036434.0,system_historical,7.08,2.24,19.74,0.32,29.79,73.1
2021-12-01,MUSANZE,Night,16951.3,13214.1,3737.2,1353401.0,10148410.0,8795010.0,system_historical,7.14,1.89,22.75,0.44,37.46,78.0
2021-12-15,MUSANZE,Night,17233.1,13087.7,4145.4,1453039.0,10051371.0,8598333.0,system_historical,7.47,3.65,20.65,0.4,39.83,75.9
2021-01-01,RUBAVU,Day,39939.4,28803.4,11136.0,1801969.0,22121001.0,20319033.0,system_historical,6.93,1.58,19.28,0.3,30.04,72.1
2021-01-15,RUBAVU,Day,42274.5,31721.7,10552.8,1892629.0,24362258.0,22469629.0,system_historical,7.17,3.91,22.48,0.39,39.19,75.0
2021-02-01,RUBAVU,Night,41070.2,31254.7,9815.5,1624399.0,24003631.0,22379232.0,system_historical,7.0,3.77,23.19,0.36,26.72,76.1
2021-02-15,RUBAVU,Night,42818.2,31851.9,10966.3,1787040.0,24462266.0,22675226.0,system_historical,7.05,2.63,20.45,0.35,22.75,74.4
2021-03-01,RUBAVU,Day,42555.7,31361.3,11194.4,1742753.0,24085471.0,22342718.0,system_historical,7.16,3.1,19.61,0.4,39.57,73.7
2021-03-15,RUBAVU,Day,41755.2,30174.6,11580.6,2016646.0,23174119.0,21157472.0,system_historical,7.01,2.35,19.67,0.28,21.47,72.3
2021-04-01,RUBAVU,Night,41795.8,30804.1,10991.7,1943373.0,23657512.0,21714140.0,system_historical,7.38,3.75,19.24,0.25,37.03,73.7
2021-04-15,RUBAVU,Night,39443.6,29936.3,9507.3,1949755.0,22991074.0,21041319.0,system_historical,7.48,2.14,19.11,0.4,19.36,75.9
2021-05-01,RUBAVU,Day,40722.9,31518.0,9204.9,1989312.0,24205789.0,22216477.0,system_historical,7.42,3.43,22.61,0.28,36.88,77.4
2021-05-15,RUBAVU,Day,40381.5,31205.6,9175.9,1589497.0,23965885.0,22376389.0,system_historical,7.49,3.99,18.24,0.27,20.71,77.3
2021-06-01,RUBAVU,Night,40131.6,29465.7,10665.9,1518985.0,22629694.0,21110708.0,system_historical,7.49,1.98,18.17,0.4,29.13,73.4
2021-06-15,RUBAVU,Night,42104.4,32131.9,9972.5,1771017.0,24677288.0,22906271.0,system_historical,7.42,2.63,19.03,0.43,21.51,76.3
2021-07-01,RUBAVU,Day,39995.5,29255.8,10739.6,1815337.0,22468490.0,20653153.0,system_historical,6.98,3.14,19.25,0.33,17.56,73.1
2021-07-15,RUBAVU,Day,41354.7,30186.6,11168.2,1742804.0,23183295.0,21440491.0,system_historical,7.49,2.98,18.01,0.3,42.98,73.0
2021-08-01,RUBAVU,Night,39950.3,30188.1,9762.3,1865492.0,23184431.0,21318938.0,system_historical,7.23,1.63,18.67,0.26,42.69,75.6
2021-08-15,RUBAVU,Night,42147.2,31620.7,10526.5,1804407.0,24284698.0,22480291.0,system_historical,6.86,1.99,20.47,0.42,27.04,75.0
2021-09-01,RUBAVU,Day,42303.9,31285.6,11018.3,1871093.0,24027370.0,22156276.0,system_historical,7.08,4.37,20.18,0.27,41.04,74.0
2021-09-15,RUBAVU,Day,42254.9,31078.4,11176.5,1594764.0,23868189.0,22273425.0,system_historical,7.37,1.68,22.95,0.42,27.64,73.5
2021-10-01,RUBAVU,Night,39741.7,29113.7,10628.0,1768179.0,22359343.0,20591165.0,system_historical,7.46,1.67,18.74,0.43,44.24,73.3
2021-10-15,RUBAVU,Night,39912.2,30791.0,9121.2,1755379.0,23647501.0,21892123.0,system_historical,7.32,3.47,19.05,0.39,22.42,77.1
2021-11-01,RUBAVU,Day,41660.4,31650.8,10009.6,1834003.0,24307815.0,22473812.0,system_historical,7.45,2.72,18.46,0.43,37.61,76.0
2021-11-15,RUBAVU,Day,39958.5,30476.4,9482.1,1721914.0,23405876.0,21683961.0,system_historical,6.89,3.79,19.71,0.26,27.11,76.3
2021-12-01,RUBAVU,Night,42710.3,30991.0,11719.3,1932734.0,23801106.0,21868372.0,system_historical,6.81,4.26,23.82,0.31,22.5,72.6
2021-12-15,RUBAVU,Night,42131.7,31889.6,10242.2,1696064.0,24491188.0,22795124.0,system_historical,7.33,2.39,19.24,0.32,22.87,75.7
2021-01-01,HUYE,Day,25684.2,19804.7,5879.4,1399040.0,15210032.0,13810991.0,system_historical,7.05,2.82,21.2,0.44,18.57,77.1
2021-01-15,HUYE,Day,25508.3,18727.3,6781.0,1579650.0,14382554.0,12802904.0,system_historical,6.83,3.09,22.11,0.26,40.27,73.4
2021-02-01,HUYE,Night,24768.6,18611.5,6157.1,1614870.0,14293662.0,12678792.0,system_historical,7.0,3.02,22.26,0.28,26.0,75.1
2021-02-15,HUYE,Night,23856.3,17867.8,5988.5,1498841.0,13722447.0,12223606.0,system_historical,6.86,3.63,18.95,0.45,38.64,74.9
2021-03-01,HUYE,Day,25456.7,18877.8,6578.9,1615878.0,14498112.0,12882234.0,system_historical,7.02,4.13,22.83,0.3,35.0,74.2
2021-03-15,HUYE,Day,23900.9,17930.4,5970.6,1635461.0,13770524.0,12135063.0,system_historical,7.4,1.78,22.69,0.3,34.28,75.0
2021-04-01,HUYE,Night,25216.2,19270.8,5945.3,1516309.0,14799985.0,13283676.0,system_historical,6.9,4.44,23.08,0.25,40.14,76.4
2021-04-15,HUYE,Night,24274.4,18586.3,5688.1,1553203.0,14274254.0,12721051.0,system_historical,6.9,4.26,18.97,0.4,30.38,76.6
2021-05-01,HUYE,Day,25035.7,18288.4,6747.3,1290352.0,14045463.0,12755112.0,system_historical,6.99,3.89,19.22,0.35,43.87,73.0
2021-05-15,HUYE,Day,24567.5,17773.4,6794.2,1539848.0,13649945.0,12110097.0,system_historical,7.29,3.46,21.32,0.38,17.75,72.3
2021-06-01,HUYE,Night,24694.9,19185.2,5509.6,1462935.0,14734255.0,13271319.0,system_historical,7.33,2.11,18.18,0.35,29.42,77.7
2021-06-15,HUYE,Night,24109.4,17407.1,6702.3,1348728.0,13368638.0,12019910.0,system_historical,7.03,2.23,23.34,0.36,18.86,72.2
2021-07-01,HUYE,Day,25953.3,19923.7,6029.6,1674419.0,15301374.0,13626954.0,system_historical,7.32,1.74,18.19,0.28,35.78,76.8
2021-07-15,HUYE,Day,26161.5,19601.1,6560.3,1519060.0,15053680.0,13534621.0,system_historical,7.46,2.81,22.3,0.44,38.25,74.9
2021-08-01,HUYE,Night,24072.4,17509.3,6563.1,1570540.0,13447124.0,11876584.0,system_historical,6.84,4.34,18.94,0.26,31.75,72.7
2021-08-15,HUYE,Night,25154.9,18115.8,7039.1,1393402.0,13912972.0,12519569.0,system_historical,6.89,3.24,20.01,0.36,27.6,72.0
2021-09-01,HUYE,Day,24721.9,18586.2,6135.7,1540644.0,14274200.0,12733555.0,system_historical,7.43,4.39,20.25,0.43,39.08,75.2
2021-09-15,HUYE,Day,24477.0,19076.0,5401.0,1638930.0,14650333.0,13011404.0,system_historical,7.26,3.61,23.03,0.3,32.97,77.9
2021-10-01,HUYE,Night,25007.0,18786.3,6220.7,1432836.0,14427879.0,12995043.0,system_historical,7.36,2.76,23.39,0.44,18.23,75.1
2021-10-15,HUYE,Night,26244.3,19080.4,7163.9,1659242.0,14653769.0,12994527.0,system_historical,7.38,2.19,18.16,0.31,32.28,72.7
2021-11-01,HUYE,Day,24747.1,18678.9,6068.3,1502166.0,14345372.0,12843206.0,system_historical,7.36,4.3,19.12,0.33,18.75,75.5
2021-11-15,HUYE,Day,25262.7,18947.6,6315.1,1569312.0,14551763.0,12982451.0,system_historical,6.92,3.67,23.76,0.41,38.73,75.0
2021-12-01,HUYE,Night,24530.4,17925.3,6605.1,1442069.0,13766609.0,12324540.0,system_historical,7.47,2.2,23.29,0.28,25.49,73.1
2021-12-15,HUYE,Night,25122.5,18754.0,6368.4,1359910.0,14403085.0,13043174.0,system_historical,7.42,3.93,23.7,0.42,28.36,74.7
2022-01-01,KIGALI,Day,90801.9,69430.9,21371.0,2666753.0,53322940.0,50656188.0,system_historical,6.96,2.63,18.87,0.36,41.05,76.5
2022-01-15,KIGALI,Day,95459.3,75108.0,20351.3,2729188.0,57682909.0,54953721.0,system_historical,7.43,4.23,23.95,0.25,25.77,78.7
2022-02-01,KIGALI,Night,94202.3,72488.0,21714.3,2694458.0,55670791.0,52976333.0,system_historical,7.28,3.1,18.99,0.3,24.92,76.9
2022-02-15,KIGALI,Night,92251.9,69879.9,22372.1,2370105.0,53667738.0,51297633.0,system_historical,7.25,3.79,23.3,0.3,44.55,75.7
2022-03-01,KIGALI,Day,98322.2,77573.1,20749.1,2855363.0,59576145.0,56720781.0,system_historical,6.91,3.05,18.38,0.43,36.62,78.9
2022-03-15,KIGALI,Day,89149.2,66816.6,22332.7,2528328.0,51315114.0,48786786.0,system_historical,7.14,2.17,18.44,0.28,19.69,74.9
2022-04-01,KIGALI,Night,93399.6,72777.3,20622.3,2756389.0,55892954.0,53136565.0,system_historical,7.11,4.08,19.25,0.31,31.79,77.9
2022-04-15,KIGALI,Night,97014.2,74316.3,22697.9,2825848.0,57074944.0,54249096.0,system_historical,7.39,1.98,18.58,0.35,19.31,76.6
2022-05-01,KIGALI,Day,89447.4,66931.9,22515.6,2554133.0,51403692.0,48849559.0,system_historical,7.16,3.32,18.88,0.37,32.21,74.8
2022-05-15,KIGALI,Day,95734.3,70593.9,25140.4,2646109.0,54216132.0,51570024.0,system_historical,6.92,4.3,23.63,0.41,38.92,73.7
2022-06-01,KIGALI,Night,91087.8,67312.7,23775.2,2377672.0,51696123.0,49318451.0,system_historical,7.02,3.22,19.46,0.28,23.61,73.9
2022-06-15,KIGALI,Night,91566.6,72126.9,19439.7,2684646.0,55393455.0,52708809.0,system_historical,7.46,3.01,22.77,0.39,29.98,78.8
2022-07-01,KIGALI,Day,89938.1,71004.9,18933.2,2521696.0,54531781.0,52010084.0,system_historical,7.19,2.36,19.58,0.45,18.84,78.9
2022-07-15,KIGALI,Day,90210.3,71456.8,18753.5,2708123.0,54878824.0,52170701.0,system_historical,7.18,3.67,21.01,0.45,41.56,79.2
2022-08-01,KIGALI,Night,92745.8,69108.5,23637.3,2631967.0,53075317.0,50443350.0,system_historical,6.85,2.46,22.84,0.41,25.75,74.5
2022-08-15,KIGALI,Night,97778.3,75387.8,22390.5,2966070.0,57897832.0,54931762.0,system_historical,6.85,2.9,18.32,0.44,24.95,77.1
2022-09-01,KIGALI,Day,90278.9,68681.9,21597.1,2934809.0,52747681.0,49812872.0,system_historical,7.46,4.44,18.73,0.4,20.81,76.1
2022-09-15,KIGALI,Day,95337.3,72387.1,22950.2,2544363.0,55593297.0,53048934.0,system_historical,7.31,1.92,22.99,0.36,43.84,75.9
2022-10-01,KIGALI,Night,94655.5,71981.3,22674.2,2652072.0,55281620.0,52629548.0,system_historical,6.95,4.29,19.02,0.33,15.38,76.0
2022-10-15,KIGALI,Night,89212.6,68191.3,21021.3,2654586.0,52370904.0,49716318.0,system_historical,7.34,4.18,20.7,0.4,28.18,76.4
2022-11-01,KIGALI,Day,96864.0,73730.1,23133.9,2810777.0,56624696.0,53813919.0,system_historical,7.03,2.6,18.39,0.31,22.55,76.1
2022-11-15,KIGALI,Day,97529.1,72036.3,25492.8,2934510.0,55323867.0,52389357.0,system_historical,6.97,3.09,19.78,0.44,26.23,73.9
2022-12-01,KIGALI,Night,96403.8,75323.8,21080.0,2795079.0,57848662.0,55053583.0,system_historical,6.95,3.1,19.74,0.3,41.13,78.1
2022-12-15,KIGALI,Night,92501.5,71916.3,20585.2,2309907.0,55231716.0,52921809.0,system_historical,6.89,2.82,22.21,0.43,32.67,77.7
2022-01-01,MUHANGA,Day,31502.6,24656.4,6846.2,1569932.0,18936128.0,17366197.0,system_historical,7.17,2.92,22.63,0.37,18.99,78.3
2022-01-15,MUHANGA,Day,31323.4,23326.3,7997.1,1586150.0,17914604.0,16328453.0,system_historical,6.94,4.45,18.93,0.43,28.77,74.5
2022-02-01,MUHANGA,Night,32825.4,25473.2,7352.3,1562241.0,19563384.0,18001143.0,system_historical,7.13,3.88,19.38,0.25,43.72,77.6
2022-02-15,MUHANGA,Night,32273.4,24121.4,8152.0,1582444.0,18525269.0,16942826.0,system_historical,6.91,4.02,21.12,0.4,37.42,74.7
2022-03-01,MUHANGA,Day,30708.0,22684.1,8023.9,1734303.0,17421382.0,15687079.0,system_historical,7.41,3.36,22.39,0.43,26.81,73.9
2022-03-15,MUHANGA,Day,32312.1,25213.6,7098.4,1552918.0,19364083.0,17811164.0,system_historical,7.05,2.37,20.59,0.26,23.95,78.0
2022-04-01,MUHANGA,Night,31182.2,23256.6,7925.5,1731135.0,17861074.0,16129938.0,system_historical,7.05,2.16,23.4,0.33,23.86,74.6
2022-04-15,MUHANGA,Night,30303.0,22276.2,8026.8,1560399.0,17108116.0,15547717.0,system_historical,7.33,4.27,21.68,0.44,39.64,73.5
2022-05-01,MUHANGA,Day,31885.3,24561.2,7324.0,1709221.0,18863038.0,17153817.0,system_historical,6.86,1.93,20.8,0.42,25.77,77.0
2022-05-15,MUHANGA,Day,32302.4,24573.4,7729.0,1486635.0,18872393.0,17385758.0,system_historical,7.4,1.97,22.48,0.31,30.97,76.1
2022-06-01,MUHANGA,Night,31528.2,24654.9,6873.2,1533242.0,18934999.0,17401757.0,system_historical,7.41,3.3,23.73,0.43,19.23,78.2
2022-06-15,MUHANGA,Night,31380.0,24852.1,6527.9,1469265.0,19086424.0,17617159.0,system_historical,6.91,1.67,20.15,0.29,25.17,79.2
2022-07-01,MUHANGA,Day,33206.2,25729.6,7476.7,1527025.0,19760318.0,18233293.0,system_historical,6.92,3.79,23.62,0.28,25.98,77.5
2022-07-15,MUHANGA,Day,32872.6,24357.9,8514.7,1566793.0,18706895.0,17140101.0,system_historical,7.36,3.53,22.98,0.38,34.74,74.1
2022-08-01,MUHANGA,Night,32178.5,23963.1,8215.4,1663886.0,18403648.0,16739762.0,system_historical,7.0,2.81,21.12,0.29,37.24,74.5
2022-08-15,MUHANGA,Night,30188.1,23659.5,6528.6,1537412.0,18170499.0,16633087.0,system_historical,7.28,3.11,18.44,0.31,36.74,78.4
2022-09-01,MUHANGA,Day,33245.1,25891.5,7353.6,1578974.0,19884670.0,18305696.0,system_historical,7.43,3.75,20.54,0.44,40.07,77.9
2022-09-15,MUHANGA,Day,32326.8,25460.6,6866.2,1511909.0,19553724.0,18041815.0,system_historical,7.18,3.83,20.16,0.35,29.56,78.8
2022-10-01,MUHANGA,Night,32700.5,25913.2,6787.3,1562799.0,19901356.0,18338557.0,system_historical,7.11,3.33,21.79,0.42,42.77,79.2
2022-10-15,MUHANGA,Night,31633.1,23874.2,7758.9,1566706.0,18335382.0,16768676.0,system_historical,7.1,2.01,23.66,0.3,38.52,75.5
2022-11-01,MUHANGA,Day,32511.4,24202.7,8308.7,1447002.0,18587663.0,17140661.0,system_historical,6.89,3.16,22.45,0.37,31.29,74.4
2022-11-15,MUHANGA,Day,32020.3,24838.4,7181.9,1697431.0,19075913.0,17378483.0,system_historical,7.39,3.0,20.56,0.32,40.57,77.6
2022-12-01,MUHANGA,Night,32744.2,25715.9,7028.3,1663941.0,19749805.0,18085864.0,system_historical,6.93,3.47,22.53,0.4,41.39,78.5
2022-12-15,MUHANGA,Night,30930.3,22881.8,8048.5,1411140.0,17573205.0,16162065.0,system_historical,7.37,1.56,19.17,0.37,29.71,74.0
2022-01-01,MUSANZE,Day,15877.3,11725.6,4151.6,1225445.0,9005279.0,7779834.0,system_historical,6.9,1.75,21.52,0.33,44.46,73.9
2022-01-15,MUSANZE,Day,15969.6,12542.9,3426.7,1514168.0,9632926.0,8118758.0,system_historical,6.99,3.03,23.55,0.45,23.01,78.5
2022-02-01,MUSANZE,Night,15620.8,11876.5,3744.3,1226260.0,9121173.0,7894913.0,system_historical,6.93,3.81,22.58,0.3,25.18,76.0
2022-02-15,MUSANZE,Night,16836.3,13289.4,3546.9,1280374.0,10206256.0,8925881.0,system_historical,6.93,3.93,22.21,0.27,18.46,78.9
2022-03-01,MUSANZE,Day,16447.0,12690.2,3756.7,1300447.0,9746093.0,8445646.0,system_historical,6.82,3.84,23.99,0.34,19.93,77.2
2022-03-15,MUSANZE,Day,16170.5,11935.9,4234.6,1343429.0,9166797.0,7823368.0,system_historical,7.21,1.82,23.06,0.36,42.83,73.8
2022-04-01,MUSANZE,Night,15792.5,11811.0,3981.5,1338112.0,9070849.0,7732737.0,system_historical,6.82,3.4,19.68,0.43,23.62,74.8
2022-04-15,MUSANZE,Night,15862.2,12128.3,3733.9,1382239.0,9314519.0,7932280.0,system_historical,7.34,2.09,22.74,0.43,22.57,76.5
2022-05-01,MUSANZE,Day,16672.3,12700.9,3971.4,1458816.0,9754281.0,8295464.0,system_historical,7.13,2.52,22.0,0.27,27.43,76.2
2022-05-15,MUSANZE,Day,15672.6,11899.4,3773.2,1150885.0,9138769.0,7987884.0,system_historical,7.07,2.6,18.99,0.35,32.04,75.9
2022-06-01,MUSANZE,Night,16785.7,12960.9,3824.8,1218366.0,9953957.0,8735591.0,system_historical,7.18,4.16,21.43,0.38,34.72,77.2
2022-06-15,MUSANZE,Night,16298.0,12446.6,3851.4,1313277.0,9559012.0,8245736.0,system_historical,7.21,3.78,18.36,0.43,39.38,76.4
2022-07-01,MUSANZE,Day,15698.3,12341.9,3356.3,1096121.0,9478613.0,8382492.0,system_historical,7.32,3.91,21.79,0.31,43.86,78.6
2022-07-15,MUSANZE,Day,16878.8,12758.7,4120.0,1196381.0,9798695.0,8602314.0,system_historical,7.14,1.7,20.91,0.28,32.66,75.6
2022-08-01,MUSANZE,Night,16040.5,12721.3,3319.1,1351013.0,9769982.0,8418969.0,system_historical,6.91,2.2,22.76,0.37,39.84,79.3
2022-08-15,MUSANZE,Night,16689.6,13130.4,3559.2,1268113.0,10084156.0,8816042.0,system_historical,7.23,4.48,22.12,0.26,39.95,78.7
2022-09-01,MUSANZE,Day,15847.9,12423.9,3424.0,1196993.0,9541538.0,8344545.0,system_historical,7.0,3.02,20.32,0.44,44.92,78.4
2022-09-15,MUSANZE,Day,17057.1,13377.3,3679.8,1472732.0,10273773.0,8801041.0,system_historical,7.22,1.79,21.94,0.44,40.27,78.4
2022-10-01,MUSANZE,Night,15915.7,12195.7,3719.9,1223396.0,9366327.0,8142931.0,system_historical,7.08,3.23,21.08,0.28,18.35,76.6
2022-10-15,MUSANZE,Night,16735.6,12320.7,4414.9,1137368.0,9462329.0,8324960.0,system_historical,7.26,3.43,23.63,0.43,24.05,73.6
2022-11-01,MUSANZE,Day,15852.9,11726.6,4126.3,1314199.0,9006008.0,7691809.0,system_historical,7.44,2.41,20.36,0.37,19.36,74.0
2022-11-15,MUSANZE,Day,15789.9,12100.0,3690.0,1324254.0,9292774.0,7968520.0,system_historical,6.89,3.59,20.83,0.31,21.26,76.6
2022-12-01,MUSANZE,Night,15488.5,11624.6,3863.9,1278786.0,8927694.0,7648908.0,system_historical,7.12,1.88,20.2,0.25,25.95,75.1
2022-12-15,MUSANZE,Night,16446.5,13017.8,3428.6,1424097.0,9997699.0,8573602.0,system_historical,6.92,2.83,22.18,0.38,24.78,79.2
2022-01-01,RUBAVU,Day,42375.9,31643.0,10732.9,1608936.0,24301821.0,22692885.0,system_historical,6.86,2.12,20.97,0.36,42.86,74.7
2022-01-15,RUBAVU,Day,40741.0,31224.0,9517.0,1639854.0,23980016.0,22340162.0,system_historical,6.96,3.15,19.27,0.29,31.49,76.6
2022-02-01,RUBAVU,Night,40539.3,30183.1,10356.2,1781567.0,23180638.0,21399071.0,system_historical,7.17,1.92,19.66,0.3,16.65,74.5
2022-02-15,RUBAVU,Night,43284.1,33448.6,9835.5,1824765.0,25688555.0,23863789.0,system_historical,6.95,3.67,23.62,0.43,20.67,77.3
2022-03-01,RUBAVU,Day,39938.6,31639.4,8299.2,1717404.0,24299069.0,22581666.0,system_historical,7.04,2.75,20.53,0.43,30.12,79.2
2022-03-15,RUBAVU,Day,41383.1,31966.3,9416.8,2145262.0,24550088.0,22404826.0,system_historical,7.45,4.36,23.23,0.31,37.5,77.2
2022-04-01,RUBAVU,Night,42536.9,32646.7,9890.1,1800778.0,25072698.0,23271920.0,system_historical,7.39,1.53,20.08,0.4,25.67,76.7
2022-04-15,RUBAVU,Night,39917.6,31030.5,8887.1,1652774.0,23831461.0,22178688.0,system_historical,7.16,3.76,18.54,0.28,22.87,77.7
2022-05-01,RUBAVU,Day,42521.9,32379.4,10142.6,1881573.0,24867353.0,22985780.0,system_historical,7.07,3.08,22.5,0.4,21.35,76.1
2022-05-15,RUBAVU,Day,40172.4,29574.2,10598.2,1780984.0,22713019.0,20932035.0,system_historical,6.91,1.66,19.43,0.27,44.3,73.6
2022-06-01,RUBAVU,Night,39747.7,31578.9,8168.8,1924006.0,24252584.0,22328579.0,system_historical,7.09,3.85,20.14,0.38,34.84,79.4
2022-06-15,RUBAVU,Night,40289.3,30295.5,9993.9,1506117.0,23266909.0,21760792.0,system_historical,7.02,4.08,21.64,0.43,18.87,75.2
2022-07-01,RUBAVU,Day,42707.6,33050.1,9657.5,1819771.0,25382495.0,23562724.0,system_historical,7.26,3.33,23.18,0.33,44.92,77.4
2022-07-15,RUBAVU,Day,40295.5,30863.6,9431.9,1690110.0,23703254.0,22013144.0,system_historical,7.28,3.48,18.59,0.34,26.21,76.6
2022-08-01,RUBAVU,Night,41949.1,32412.6,9536.5,1914135.0,24892888.0,22978753.0,system_historical,7.35,2.45,18.53,0.31,36.71,77.3
2022-08-15,RUBAVU,Night,42718.6,33955.4,8763.2,1464554.0,26077754.0,24613200.0,system_historical,6.9,4.17,20.34,0.38,40.95,79.5
2022-09-01,RUBAVU,Day,40115.4,31002.5,9112.8,1807711.0,23809958.0,22002246.0,system_historical,7.2,2.4,19.74,0.29,26.33,77.3
2022-09-15,RUBAVU,Day,42579.6,32683.3,9896.2,1878094.0,25100794.0,23222700.0,system_historical,7.46,3.58,20.73,0.36,44.16,76.8
2022-10-01,RUBAVU,Night,43620.6,33449.7,10171.0,1827328.0,25689353.0,23862025.0,system_historical,7.32,4.37,21.42,0.3,29.09,76.7
2022-10-15,RUBAVU,Night,41956.7,31690.7,10266.0,1892057.0,24338469.0,22446412.0,system_historical,7.07,3.6,22.77,0.39,42.79,75.5
2022-11-01,RUBAVU,Day,42414.1,32865.0,9549.1,1898692.0,25240296.0,23341604.0,system_historical,7.31,2.89,20.66,0.38,27.79,77.5
2022-11-15,RUBAVU,Day,43330.9,32924.2,10406.7,1897668.0,25285786.0,23388118.0,system_historical,6.87,1.68,20.05,0.25,34.11,76.0
2022-12-01,RUBAVU,Night,40987.4,30746.6,10240.8,1941185.0,23613427.0,21672242.0,system_historical,6.91,2.48,18.53,0.44,28.14,75.0
2022-12-15,RUBAVU,Night,40847.4,31803.0,9044.4,1962828.0,24424671.0,22461842.0,system_historical,6.89,2.69,19.61,0.29,36.93,77.9
2022-01-01,HUYE,Day,24315.2,18222.4,6092.8,1536990.0,13994832.0,12457841.0,system_historical,6.94,1.95,19.85,0.37,36.58,74.9
2022-01-15,HUYE,Day,25857.7,20209.3,5648.4,1319216.0,15520769.0,14201553.0,system_historical,7.38,4.37,20.0,0.39,23.34,78.2
2022-02-01,HUYE,Night,24780.5,18302.5,6478.0,1423258.0,14056347.0,12633090.0,system_historical,6.99,2.79,18.43,0.42,18.59,73.9
2022-02-15,HUYE,Night,23925.7,18634.5,5291.2,1414259.0,14311310.0,12897052.0,system_historical,7.02,3.79,19.1,0.35,29.22,77.9
2022-03-01,HUYE,Day,23885.4,17698.8,6186.6,1583713.0,13592676.0,12008963.0,system_historical,7.17,2.44,23.71,0.28,22.49,74.1
2022-03-15,HUYE,Day,23805.9,18924.0,4881.9,1537481.0,14533607.0,12996126.0,system_historical,7.13,3.94,19.48,0.41,34.61,79.5
2022-04-01,HUYE,Night,25738.4,19062.4,6676.0,1521672.0,14639887.0,13118215.0,system_historical,7.35,4.15,20.27,0.43,32.8,74.1
2022-04-15,HUYE,Night,25602.6,19451.8,6150.8,1584623.0,14938997.0,13354374.0,system_historical,7.07,4.36,21.25,0.29,32.06,76.0
2022-05-01,HUYE,Day,23994.2,18097.4,5896.8,1559277.0,13898790.0,12339512.0,system_historical,7.14,4.29,19.37,0.26,15.26,75.4
2022-05-15,HUYE,Day,24461.5,19362.1,5099.4,1409921.0,14870116.0,13460196.0,system_historical,6.96,2.42,18.87,0.37,41.08,79.2
2022-06-01,HUYE,Night,25228.6,19171.7,6056.9,1513508.0,14723882.0,13210374.0,system_historical,7.44,4.15,21.91,0.38,15.08,76.0
2022-06-15,HUYE,Night,25442.3,20218.9,5223.4,1610486.0,15528103.0,13917617.0,system_historical,7.39,2.87,20.16,0.34,19.49,79.5
2022-07-01,HUYE,Day,25351.4,19669.1,5682.3,1517109.0,15105839.0,13588730.0,system_historical,7.18,2.54,21.68,0.42,33.91,77.6
2022-07-15,HUYE,Day,24704.9,19013.7,5691.2,1498648.0,14602512.0,13103864.0,system_historical,6.88,4.45,18.08,0.43,37.86,77.0
2022-08-01,HUYE,Night,25061.5,19719.3,5342.2,1505423.0,15144424.0,13639001.0,system_historical,7.02,1.63,21.53,0.38,32.25,78.7
2022-08-15,HUYE,Night,25521.9,18799.2,6722.7,1473864.0,14437780.0,12963916.0,system_historical,6.94,4.4,21.22,0.4,28.6,73.7
2022-09-01,HUYE,Day,23955.5,18802.5,5153.0,1583679.0,14440358.0,12856678.0,system_historical,7.08,3.96,18.99,0.35,17.87,78.5
2022-09-15,HUYE,Day,23657.3,18240.6,5416.7,1592572.0,14008791.0,12416218.0,system_historical,6.93,2.04,18.39,0.36,39.51,77.1
2022-10-01,HUYE,Night,24395.0,18352.8,6042.2,1435304.0,14094985.0,12659681.0,system_historical,7.21,3.92,18.19,0.25,17.38,75.2
2022-10-15,HUYE,Night,24904.0,19486.8,5417.2,1297460.0,14965888.0,13668428.0,system_historical,6.84,1.95,21.68,0.41,20.66,78.2
2022-11-01,HUYE,Day,24266.6,18594.2,5672.3,1351350.0,14280369.0,12929019.0,system_historical,6.81,3.15,19.51,0.35,21.53,76.6
2022-11-15,HUYE,Day,25112.9,19345.3,5767.6,1393262.0,14857198.0,13463936.0,system_historical,6.84,1.71,23.02,0.29,36.31,77.0
2022-12-01,HUYE,Night,25148.0,19628.9,5519.1,1535899.0,15074986.0,13539088.0,system_historical,7.29,1.72,21.47,0.35,38.7,78.1
2022-12-15,HUYE,Night,24588.1,19215.9,5372.2,1411679.0,14757833.0,13346153.0,system_historical,7.46,2.93,21.25,0.4,32.85,78.2
2023-01-01,KIGALI,Day,98709.6,74847.1,23862.6,2893333.0,57482550.0,54589217.0,system_historical,7.14,2.13,19.09,0.4,20.87,75.8
2023-01-15,KIGALI,Day,93016.8,73739.7,19277.1,2377703.0,56632089.0,54254385.0,system_historical,7.44,2.51,22.01,0.42,26.11,79.3
2023-02-01,KIGALI,Night,99509.8,79998.1,19511.7,2829920.0,61438560.0,58608640.0,system_historical,6.92,3.62,20.43,0.29,34.22,80.4
2023-02-15,KIGALI,Night,98427.7,77519.4,20908.3,2573910.0,59534910.0,56961000.0,system_historical,7.39,3.26,20.15,0.39,18.8,78.8
2023-03-01,KIGALI,Day,93942.5,74290.9,19651.7,2668734.0,57055377.0,54386643.0,system_historical,7.09,2.23,22.67,0.39,18.28,79.1
2023-03-15,KIGALI,Day,98802.0,75497.4,23304.6,2990741.0,57981991.0,54991250.0,system_historical,7.24,2.71,23.56,0.26,41.24,76.4
2023-04-01,KIGALI,Night,95630.8,76186.1,19444.7,2815610.0,58510925.0,55695315.0,system_historical,6.91,1.82,20.84,0.45,25.44,79.7
2023-04-15,KIGALI,Night,98999.1,79136.5,19862.6,2600061.0,60776816.0,58176755.0,system_historical,6.94,2.0,21.65,0.3,27.83,79.9
2023-05-01,KIGALI,Day,95911.4,74964.6,20946.8,2763826.0,57572805.0,54808979.0,system_historical,7.48,3.66,18.21,0.25,43.11,78.2
2023-05-15,KIGALI,Day,100325.9,75453.6,24872.3,3004589.0,57948327.0,54943738.0,system_historical,6.87,1.99,21.56,0.35,41.78,75.2
2023-06-01,KIGALI,Night,93784.3,70813.0,22971.3,2533524.0,54384359.0,51850836.0,system_historical,7.06,1.62,18.28,0.35,34.82,75.5
2023-06-15,KIGALI,Night,101063.1,78123.3,22939.8,2651027.0,59998711.0,57347684.0,system_historical,7.39,1.77,19.49,0.38,26.73,77.3
2023-07-01,KIGALI,Day,99815.1,76206.5,23608.6,2930515.0,58526576.0,55596061.0,system_historical,7.38,3.36,23.97,0.42,36.7,76.3
2023-07-15,KIGALI,Day,98691.2,78475.1,20216.1,2638253.0,60268904.0,57630651.0,system_historical,6.88,2.43,22.28,0.32,37.19,79.5
2023-08-01,KIGALI,Night,93715.8,74133.7,19582.1,2651217.0,56934680.0,54283463.0,system_historical,7.12,3.14,18.62,0.29,22.24,79.1
2023-08-15,KIGALI,Night,94022.4,72054.9,21967.5,2510930.0,55338140.0,52827210.0,system_historical,7.08,2.46,21.09,0.3,32.79,76.6
2023-09-01,KIGALI,Day,99465.9,76372.1,23093.8,2941643.0,58653760.0,55712117.0,system_historical,7.27,3.16,22.75,0.32,16.7,76.8
2023-09-15,KIGALI,Day,100408.3,79726.6,20681.7,3004033.0,61230065.0,58226032.0,system_historical,7.27,2.05,22.34,0.32,27.01,79.4
2023-10-01,KIGALI,Night,97427.0,75751.8,21675.2,2624124.0,58177396.0,55553271.0,system_historical,6.82,2.55,22.13,0.41,16.01,77.8
2023-10-15,KIGALI,Night,94787.0,76212.4,18574.6,2683716.0,58531134.0,55847418.0,system_historical,7.38,2.54,20.8,0.25,34.34,80.4
2023-11-01,KIGALI,Day,97315.3,78769.2,18546.0,3028097.0,60494779.0,57466682.0,system_historical,7.32,4.06,22.12,0.41,28.19,80.9
2023-11-15,KIGALI,Day,98875.7,79997.3,18878.4,2475369.0,61437898.0,58962530.0,system_historical,7.43,3.08,18.55,0.37,36.07,80.9
2023-12-01,KIGALI,Night,94382.3,72791.4,21590.9,2816809.0,55903790.0,53086981.0,system_historical,7.42,3.95,20.8,0.32,15.49,77.1
2023-12-15,KIGALI,Night,96088.2,73599.4,22488.8,2719967.0,56524327.0,53804360.0,system_historical,7.29,4.1,22.62,0.32,24.86,76.6
2023-01-01,MUHANGA,Day,33227.8,26691.9,6536.0,1675850.0,20499342.0,18823492.0,system_historical,7.22,1.81,21.11,0.32,40.56,80.3
2023-01-15,MUHANGA,Day,32796.9,25221.9,7575.0,1786389.0,19370438.0,17584049.0,system_historical,6.86,4.14,21.44,0.35,43.08,76.9
2023-02-01,MUHANGA,Night,32704.8,24543.6,8161.2,1597925.0,18849511.0,17251585.0,system_historical,7.23,1.94,21.42,0.28,42.72,75.0
2023-02-15,MUHANGA,Night,33750.9,26604.5,7146.4,1445650.0,20432234.0,18986584.0,system_historical,6.84,4.23,23.69,0.42,25.12,78.8
2023-03-01,MUHANGA,Day,33406.6,26777.0,6629.6,1540099.0,20564760.0,19024660.0,system_historical,7.26,2.88,21.62,0.37,24.64,80.2
2023-03-15,MUHANGA,Day,33994.4,25852.1,8142.4,1572182.0,19854376.0,18282194.0,system_historical,7.15,3.63,19.45,0.43,25.61,76.0
2023-04-01,MUHANGA,Night,32889.0,25161.5,7727.5,1672402.0,19324060.0,17651658.0,system_historical,6.87,3.32,19.29,0.27,39.79,76.5
2023-04-15,MUHANGA,Night,33669.7,27013.3,6656.4,1771853.0,20746244.0,18974391.0,system_historical,7.47,3.14,22.41,0.36,15.49,80.2
2023-05-01,MUHANGA,Day,34423.4,26796.8,7626.6,1697522.0,20579935.0,18882413.0,system_historical,7.39,3.94,22.06,0.4,19.42,77.8
2023-05-15,MUHANGA,Day,34310.2,25888.1,8422.0,1870397.0,19882094.0,18011697.0,system_historical,7.19,1.91,23.15,0.34,33.67,75.5
2023-06-01,MUHANGA,Night,34388.1,27000.2,7387.9,1654350.0,20736139.0,19081789.0,system_historical,7.38,4.49,20.15,0.34,36.02,78.5
2023-06-15,MUHANGA,Night,32442.3,24782.0,7660.3,1369015.0,19032586.0,17663570.0,system_historical,7.21,1.67,23.69,0.4,33.64,76.4
2023-07-01,MUHANGA,Day,34117.0,26650.1,7466.9,1610800.0,20467281.0,18856481.0,system_historical,6.95,2.17,20.4,0.44,30.25,78.1
2023-07-15,MUHANGA,Day,33944.1,27051.5,6892.6,1503540.0,20775515.0,19271974.0,system_historical,7.48,1.86,18.02,0.29,36.41,79.7
2023-08-01,MUHANGA,Night,34392.4,25907.0,8485.4,1665418.0,19896582.0,18231164.0,system_historical,6.91,1.97,20.19,0.29,18.27,75.3
2023-08-15,MUHANGA,Night,33885.4,26894.6,6990.9,1559182.0,20655019.0,19095836.0,system_historical,6.82,4.45,21.27,0.43,17.43,79.4
2023-09-01,MUHANGA,Day,33320.7,26003.2,7317.5,1846352.0,19970454.0,18124102.0,system_historical,7.44,2.33,21.68,0.28,24.92,78.0
2023-09-15,MUHANGA,Day,32092.7,25686.1,6406.7,1578344.0,19726893.0,18148549.0,system_historical,7.19,3.37,19.65,0.45,18.54,80.0
2023-10-01,MUHANGA,Night,32898.9,25476.3,7422.7,1700210.0,19565763.0,17865553.0,system_historical,7.0,2.0,19.1,0.31,44.03,77.4
2023-10-15,MUHANGA,Night,34034.5,26944.4,7090.1,1577728.0,20693303.0,19115575.0,system_historical,7.29,3.01,18.47,0.38,39.98,79.2
2023-11-01,MUHANGA,Day,33820.2,27231.3,6588.9,1486160.0,20913630.0,19427470.0,system_historical,6.93,3.64,19.72,0.42,34.9,80.5
2023-11-15,MUHANGA,Day,33098.4,25387.8,7710.7,1637583.0,19497798.0,17860215.0,system_historical,7.34,2.51,18.09,0.34,19.57,76.7
2023-12-01,MUHANGA,Night,34780.3,27239.5,7540.8,1691124.0,20919931.0,19228808.0,system_historical,7.39,4.31,20.85,0.36,16.25,78.3
2023-12-15,MUHANGA,Night,34808.3,27162.3,7645.9,1752190.0,20860684.0,19108494.0,system_historical,6.84,4.47,22.85,0.39,34.13,78.0
2023-01-01,MUSANZE,Day,15828.2,12291.2,3537.0,1334838.0,9439630.0,8104792.0,system_historical,6.82,3.8,23.83,0.29,15.93,77.7
2023-01-15,MUSANZE,Day,15982.1,12674.0,3308.1,1368258.0,9733624.0,8365366.0,system_historical,6.89,3.24,18.98,0.42,36.37,79.3
2023-02-01,MUSANZE,Night,16106.3,12270.2,3836.0,1450112.0,9423531.0,7973419.0,system_historical,6.94,3.59,18.44,0.41,17.4,76.2
2023-02-15,MUSANZE,Night,15430.4,11843.8,3586.6,1436607.0,9096044.0,7659438.0,system_historical,7.49,2.73,19.92,0.29,24.1,76.8
2023-03-01,MUSANZE,Day,15509.0,12178.9,3330.1,1433482.0,9353399.0,7919917.0,system_historical,7.17,2.12,18.66,0.28,19.55,78.5
2023-03-15,MUSANZE,Day,15731.0,12436.3,3294.7,1267845.0,9551083.0,8283238.0,system_historical,7.48,4.18,21.49,0.39,28.88,79.1
2023-04-01,MUSANZE,Night,15568.8,12444.1,3124.7,1148878.0,9557099.0,8408221.0,system_historical,6.98,4.15,21.13,0.41,27.08,79.9
2023-04-15,MUSANZE,Night,15694.0,12669.6,3024.5,1311940.0,9730220.0,8418280.0,system_historical,7.21,1.54,21.02,0.38,16.35,80.7
2023-05-01,MUSANZE,Day,15809.9,12317.0,3493.0,1520940.0,9459420.0,7938480.0,system_historical,6.88,3.32,20.63,0.26,28.57,77.9
2023-05-15,MUSANZE,Day,15123.5,11610.0,3513.5,1163769.0,8916447.0,7752678.0,system_historical,6.82,2.43,18.37,0.25,15.27,76.8
2023-06-01,MUSANZE,Night,14962.2,11661.4,3300.7,1392536.0,8955971.0,7563434.0,system_historical,6.91,1.7,23.97,0.44,25.58,77.9
2023-06-15,MUSANZE,Night,16009.1,12493.8,3515.4,1454401.0,9595217.0,8140816.0,system_historical,7.09,3.17,22.74,0.33,22.59,78.0
2023-07-01,MUSANZE,Day,15085.0,11936.4,3148.6,1273393.0,9167184.0,7893792.0,system_historical,7.35,2.59,18.52,0.27,24.21,79.1
2023-07-15,MUSANZE,Day,15848.2,12387.2,3460.9,1239052.0,9513391.0,8274339.0,system_historical,7.38,1.74,22.18,0.35,25.99,78.2
2023-08-01,MUSANZE,Night,15489.8,12499.2,2990.6,1391625.0,9599358.0,8207733.0,system_historical,7.39,2.55,21.09,0.29,42.37,80.7
2023-08-15,MUSANZE,Night,14946.9,11641.5,3305.4,1415661.0,8940653.0,7524992.0,system_historical,7.34,1.55,23.78,0.36,33.54,77.9
2023-09-01,MUSANZE,Day,15571.8,12441.1,3130.7,1396002.0,9554766.0,8158764.0,system_historical,6.8,4.11,20.47,0.34,30.95,79.9
2023-09-15,MUSANZE,Day,15285.8,11885.5,3400.4,1388134.0,9128043.0,7739909.0,system_historical,7.43,1.53,19.91,0.41,40.45,77.8
2023-10-01,MUSANZE,Night,15261.9,12206.9,3055.0,1333631.0,9374899.0,8041268.0,system_historical,6.96,2.08,18.08,0.31,44.79,80.0
2023-10-15,MUSANZE,Night,14946.8,11588.4,3358.5,1231632.0,8899859.0,7668227.0,system_historical,7.38,4.44,19.63,0.41,19.53,77.5
2023-11-01,MUSANZE,Day,15031.9,11306.9,3725.0,1365631.0,8683724.0,7318093.0,system_historical,7.36,3.09,21.22,0.33,24.08,75.2
2023-11-15,MUSANZE,Day,15822.4,12759.4,3063.0,1267164.0,9799253.0,8532089.0,system_historical,7.39,3.52,18.33,0.42,35.68,80.6
2023-12-01,MUSANZE,Night,15740.4,12052.4,3688.1,1378509.0,9256219.0,7877710.0,system_historical,7.03,3.64,19.34,0.28,25.06,76.6
2023-12-15,MUSANZE,Night,15625.4,12648.6,2976.9,1237365.0,9714089.0,8476723.0,system_historical,6.81,1.9,20.26,0.29,20.45,80.9
2023-01-01,RUBAVU,Day,42819.9,33624.8,9195.1,1577168.0,25823819.0,24246651.0,system_historical,7.46,3.91,21.84,0.42,44.49,78.5
2023-01-15,RUBAVU,Day,42365.5,32975.6,9390.0,1979192.0,25325252.0,23346060.0,system_historical,6.98,2.87,18.9,0.42,38.56,77.8
2023-02-01,RUBAVU,Night,41471.8,32243.4,9228.5,1719490.0,24762894.0,23043404.0,system_historical,7.48,1.93,21.49,0.27,19.24,77.7
2023-02-15,RUBAVU,Night,40581.6,30461.1,10120.4,2030255.0,23394151.0,21363895.0,system_historical,6.84,4.06,22.94,0.39,19.36,75.1
2023-03-01,RUBAVU,Day,41305.7,33124.6,8181.1,1794124.0,25439712.0,23645588.0,system_historical,6.95,2.02,23.14,0.32,23.85,80.2
2023-03-15,RUBAVU,Day,40891.6,30847.6,10044.0,1954811.0,23690936.0,21736125.0,system_historical,7.06,3.77,22.3,0.3,15.51,75.4
2023-04-01,RUBAVU,Night,41745.4,32263.8,9481.7,1717918.0,24778566.0,23060648.0,system_historical,7.34,2.08,22.9,0.38,24.72,77.3
2023-04-15,RUBAVU,Night,40444.8,32651.8,7793.0,1798257.0,25076614.0,23278358.0,system_historical,7.32,4.3,19.3,0.37,29.4,80.7
2023-05-01,RUBAVU,Day,43849.5,34966.7,8882.8,1988567.0,26854464.0,24865897.0,system_historical,7.21,3.04,22.76,0.4,17.2,79.7
2023-05-15,RUBAVU,Day,40022.3,30691.9,9330.3,1906657.0,23571403.0,21664746.0,system_historical,6.88,2.1,19.97,0.34,32.36,76.7
2023-06-01,RUBAVU,Night,42520.0,34419.8,8100.2,1617282.0,26434421.0,24817139.0,system_historical,7.44,2.75,20.62,0.33,33.5,80.9
2023-06-15,RUBAVU,Night,43967.7,34054.5,9913.3,1862218.0,26153835.0,24291617.0,system_historical,6.94,3.36,19.09,0.3,41.62,77.5
2023-07-01,RUBAVU,Day,43713.8,33642.7,10071.1,1607858.0,25837605.0,24229747.0,system_historical,6.91,2.67,20.55,0.33,29.34,77.0
2023-07-15,RUBAVU,Day,44100.8,35352.2,8748.7,1825286.0,27150482.0,25325196.0,system_historical,7.01,1.79,19.52,0.3,44.02,80.2
2023-08-01,RUBAVU,Night,41645.4,31776.1,9869.3,1621813.0,24404050.0,22782238.0,system_historical,7.07,2.26,23.19,0.41,20.59,76.3
2023-08-15,RUBAVU,Night,43611.2,32815.2,10796.0,1641003.0,25202094.0,23561090.0,system_historical,6.98,2.93,21.71,0.33,20.25,75.2
2023-09-01,RUBAVU,Day,40883.6,31448.8,9434.8,1542744.0,24152687.0,22609943.0,system_historical,7.06,4.18,22.7,0.34,24.3,76.9
2023-09-15,RUBAVU,Day,40662.1,30901.2,9760.9,1720654.0,23732088.0,22011435.0,system_historical,7.12,2.37,19.06,0.45,22.28,76.0
2023-10-01,RUBAVU,Night,41714.3,33504.6,8209.7,1873809.0,25731501.0,23857691.0,system_historical,6.82,3.96,23.8,0.37,28.36,80.3
2023-10-15,RUBAVU,Night,40681.1,30715.4,9965.7,1737927.0,23589413.0,21851485.0,system_historical,7.04,1.53,18.22,0.34,41.51,75.5
2023-11-01,RUBAVU,Day,43117.0,32843.5,10273.5,1736704.0,25223829.0,23487126.0,system_historical,7.34,1.82,23.6,0.38,22.17,76.2
2023-11-15,RUBAVU,Day,43759.4,34658.4,9101.0,1751146.0,26617657.0,24866511.0,system_historical,7.45,2.08,19.26,0.43,31.91,79.2
2023-12-01,RUBAVU,Night,41629.3,31376.4,10252.9,1641218.0,24097089.0,22455870.0,system_historical,7.09,2.38,20.17,0.44,34.79,75.4
2023-12-15,RUBAVU,Night,41727.6,33720.6,8007.0,1745700.0,25897425.0,24151725.0,system_historical,7.26,1.73,19.29,0.29,30.06,80.8
2023-01-01,HUYE,Day,24526.4,18440.1,6086.3,1407720.0,14161961.0,12754241.0,system_historical,6.84,1.68,23.49,0.36,22.67,75.2
2023-01-15,HUYE,Day,25394.7,20005.3,5389.5,1477546.0,15364037.0,13886491.0,system_historical,6.84,2.81,23.11,0.29,33.59,78.8
2023-02-01,HUYE,Night,25677.9,20153.3,5524.6,1643383.0,15477762.0,13834379.0,system_historical,7.16,3.18,19.4,0.39,41.13,78.5
2023-02-15,HUYE,Night,24616.2,18696.6,5919.6,1425974.0,14358987.0,12933013.0,system_historical,7.01,3.45,22.71,0.34,27.12,76.0
2023-03-01,HUYE,Day,24400.4,19146.7,5253.7,1397983.0,14704662.0,13306679.0,system_historical,6.95,4.18,18.27,0.34,27.76,78.5
2023-03-15,HUYE,Day,25138.8,19519.9,5618.9,1409224.0,14991300.0,13582076.0,system_historical,6.82,3.77,22.31,0.39,34.24,77.6
2023-04-01,HUYE,Night,25611.0,20677.9,4933.1,1411772.0,15880641.0,14468869.0,system_historical,7.17,2.12,18.43,0.28,24.72,80.7
2023-04-15,HUYE,Night,24071.3,19290.6,4780.8,1203296.0,14815146.0,13611851.0,system_historical,7.19,2.55,22.33,0.34,18.73,80.1
2023-05-01,HUYE,Day,24807.9,20087.4,4720.5,1382679.0,15427139.0,14044460.0,system_historical,7.44,2.27,19.76,0.25,25.56,81.0
2023-05-15,HUYE,Day,23854.6,18505.5,5349.1,1635546.0,14212224.0,12576678.0,system_historical,7.02,3.75,18.92,0.28,32.79,77.6
2023-06-01,HUYE,Night,23963.6,18393.5,5570.0,1387259.0,14126238.0,12738980.0,system_historical,7.42,2.04,18.69,0.37,31.7,76.8
2023-06-15,HUYE,Night,25737.7,19581.9,6155.9,1558553.0,15038877.0,13480324.0,system_historical,6.91,3.59,22.2,0.38,34.48,76.1
2023-07-01,HUYE,Day,24580.0,19000.3,5579.7,1401504.0,14592220.0,13190716.0,system_historical,7.42,2.41,20.44,0.42,41.62,77.3
2023-07-15,HUYE,Day,24456.9,18479.5,5977.4,1591719.0,14192247.0,12600528.0,system_historical,7.17,3.77,21.61,0.39,15.56,75.6
2023-08-01,HUYE,Night,24735.9,19045.5,5690.4,1466617.0,14626958.0,13160340.0,system_historical,7.23,2.6,19.2,0.38,21.58,77.0
2023-08-15,HUYE,Night,23641.9,17803.0,5838.9,1349711.0,13672723.0,12323011.0,system_historical,7.14,2.52,23.88,0.44,38.89,75.3
2023-09-01,HUYE,Day,23852.5,18807.3,5045.2,1211328.0,14444004.0,13232676.0,system_historical,7.13,2.22,20.42,0.4,31.66,78.8
2023-09-15,HUYE,Day,25267.6,19851.0,5416.6,1516740.0,15245591.0,13728851.0,system_historical,6.96,2.68,23.75,0.33,30.9,78.6
2023-10-01,HUYE,Night,25160.1,20268.4,4891.6,1421550.0,15566149.0,14144599.0,system_historical,7.35,3.71,18.53,0.26,28.64,80.6
2023-10-15,HUYE,Night,25159.4,19157.7,6001.7,1471933.0,14713133.0,13241200.0,system_historical,7.42,4.4,19.16,0.44,28.78,76.1
2023-11-01,HUYE,Day,25332.4,19714.2,5618.3,1546886.0,15140479.0,13593593.0,system_historical,7.23,2.87,19.35,0.32,33.89,77.8
2023-11-15,HUYE,Day,25103.1,18921.4,6181.8,1570802.0,14531601.0,12960799.0,system_historical,7.14,1.52,20.67,0.43,31.02,75.4
2023-12-01,HUYE,Night,25408.5,19335.8,6072.7,1473753.0,14849892.0,13376139.0,system_historical,7.02,3.64,21.03,0.33,37.42,76.1
2023-12-15,HUYE,Night,24112.1,18706.0,5406.1,1358078.0,14366182.0,13008104.0,system_historical,7.38,2.3,22.92,0.37,22.32,77.6
2024-01-01,KIGALI,Day,103875.7,80017.5,23858.3,2879746.0,61453420.0,58573674.0,system_historical,7.22,4.47,22.1,0.36,32.59,77.0
2024-01-15,KIGALI,Day,96339.9,77057.2,19282.7,2761902.0,59179929.0,56418027.0,system_historical,7.14,3.62,18.77,0.25,18.28,80.0
2024-02-01,KIGALI,Night,106034.5,83136.9,22897.6,2901088.0,63849106.0,60948018.0,system_historical,7.04,3.2,23.6,0.41,32.82,78.4
2024-02-15,KIGALI,Night,104254.3,83238.4,21016.0,2924845.0,63927075.0,61002230.0,system_historical,6.98,2.41,19.87,0.3,41.16,79.8
2024-03-01,KIGALI,Day,105540.6,82802.4,22738.1,3026313.0,63592261.0,60565948.0,system_historical,7.32,2.92,19.06,0.35,27.58,78.5
2024-03-15,KIGALI,Day,97910.2,77074.7,20835.5,2520873.0,59193337.0,56672464.0,system_historical,6.81,1.66,20.24,0.44,43.53,78.7
2024-04-01,KIGALI,Night,97530.0,75383.7,22146.2,2705941.0,57894705.0,55188763.0,system_historical,6.88,3.97,20.69,0.3,19.79,77.3
2024-04-15,KIGALI,Night,101510.2,80307.7,21202.4,3082143.0,61676348.0,58594205.0,system_historical,7.15,2.47,19.56,0.31,16.84,79.1
2024-05-01,KIGALI,Day,104124.9,84133.7,19991.3,2831532.0,64614661.0,61783130.0,system_historical,6.8,4.45,22.6,0.37,25.64,80.8
2024-05-15,KIGALI,Day,103565.6,81498.6,22066.9,2700237.0,62590958.0,59890721.0,system_historical,7.43,1.54,19.29,0.37,18.93,78.7
2024-06-01,KIGALI,Night,101514.7,82014.6,19500.1,2648788.0,62987208.0,60338420.0,system_historical,7.16,1.97,19.35,0.31,27.27,80.8
2024-06-15,KIGALI,Night,101985.7,78783.7,23201.9,3221073.0,60505889.0,57284817.0,system_historical,7.25,2.94,19.64,0.43,30.22,77.2
2024-07-01,KIGALI,Day,104327.3,82355.9,21971.5,2837613.0,63249296.0,60411683.0,system_historical,7.48,1.54,18.68,0.34,21.71,78.9
2024-07-15,KIGALI,Day,101087.6,78189.6,22897.9,3057393.0,60049643.0,56992250.0,system_historical,7.38,2.91,19.91,0.26,20.18,77.3
2024-08-01,KIGALI,Night,105876.0,83134.1,22741.9,2867383.0,63846980.0,60979597.0,system_historical,7.2,1.57,23.91,0.33,22.23,78.5
2024-08-15,KIGALI,Night,100602.2,78462.7,22139.5,2638236.0,60259366.0,57621130.0,system_historical,7.03,2.24,20.1,0.38,21.49,78.0
2024-09-01,KIGALI,Day,104566.6,80636.8,23929.8,2640272.0,61929075.0,59288803.0,system_historical,7.45,4.0,19.47,0.29,18.5,77.1
2024-09-15,KIGALI,Day,100239.2,81414.2,18825.0,2769529.0,62526091.0,59756562.0,system_historical,7.36,1.89,21.04,0.33,34.03,81.2
2024-10-01,KIGALI,Night,98659.9,79243.3,19416.6,2954248.0,60858860.0,57904612.0,system_historical,6.91,3.62,21.0,0.27,30.07,80.3
2024-10-15,KIGALI,Night,102088.5,81551.7,20536.8,2778280.0,62631730.0,59853450.0,system_historical,7.38,3.27,22.9,0.39,17.75,79.9
2024-11-01,KIGALI,Day,99372.2,80895.1,18477.1,2659005.0,62127429.0,59468424.0,system_historical,7.06,3.8,20.26,0.37,32.25,81.4
2024-11-15,KIGALI,Day,103323.0,81218.2,22104.8,2521927.0,62375578.0,59853651.0,system_historical,6.84,2.66,18.45,0.35,34.27,78.6
2024-12-01,KIGALI,Night,104437.4,80357.0,24080.4,3148893.0,61714170.0,58565277.0,system_historical,7.14,4.27,22.35,0.28,40.94,76.9
2024-12-15,KIGALI,Night,96484.7,75548.3,20936.4,2997464.0,58021094.0,55023630.0,system_historical,7.15,3.97,21.37,0.27,32.4,78.3
2024-01-01,MUHANGA,Day,34128.0,26135.4,7992.6,1719486.0,20071979.0,18352493.0,system_historical,7.24,3.18,20.09,0.38,36.86,76.6
2024-01-15,MUHANGA,Day,34631.5,26498.5,8133.0,1823441.0,20350826.0,18527385.0,system_historical,6.96,2.8,21.02,0.44,27.82,76.5
2024-02-01,MUHANGA,Night,36587.8,28357.9,8229.9,1785990.0,21778878.0,19992888.0,system_historical,6.96,1.78,22.9,0.38,21.71,77.5
2024-02-15,MUHANGA,Night,34622.5,27208.2,7414.4,1809864.0,20895861.0,19085997.0,system_historical,7.32,3.22,18.24,0.35,39.5,78.6
2024-03-01,MUHANGA,Day,35029.3,27022.0,8007.3,1695800.0,20752897.0,19057097.0,system_historical,7.21,3.57,21.16,0.29,34.39,77.1
2024-03-15,MUHANGA,Day,36440.4,29534.4,6906.0,1552324.0,22682444.0,21130120.0,system_historical,7.48,1.69,22.24,0.26,16.75,81.0
2024-04-01,MUHANGA,Night,35924.6,28694.6,7230.0,1779066.0,22037462.0,20258396.0,system_historical,7.06,4.15,23.66,0.4,43.32,79.9
2024-04-15,MUHANGA,Night,36089.0,28606.1,7482.9,1703959.0,21969479.0,20265520.0,system_historical,7.25,1.95,19.67,0.36,25.77,79.3
2024-05-01,MUHANGA,Day,35331.3,28019.2,7312.1,1649472.0,21518748.0,19869276.0,system_historical,7.1,4.19,21.66,0.39,32.0,79.3
2024-05-15,MUHANGA,Day,33915.4,27875.0,6040.3,1860535.0,21408027.0,19547492.0,system_historical,7.01,3.74,19.63,0.29,15.32,82.2
2024-06-01,MUHANGA,Night,34176.6,26503.2,7673.4,1527585.0,20354436.0,18826851.0,system_historical,6.82,1.72,18.77,0.3,43.53,77.5
2024-06-15,MUHANGA,Night,34048.1,26970.3,7077.8,1693863.0,20713222.0,19019359.0,system_historical,7.01,3.96,21.63,0.44,42.91,79.2
2024-07-01,MUHANGA,Day,35029.5,27614.1,7415.4,1760195.0,21207648.0,19447453.0,system_historical,7.08,3.65,23.52,0.36,42.14,78.8
2024-07-15,MUHANGA,Day,36411.0,29319.4,7091.6,1911859.0,22517277.0,20605418.0,system_historical,6.84,3.52,23.8,0.32,16.21,80.5
2024-08-01,MUHANGA,Night,36827.3,30364.4,6463.0,1565552.0,23319837.0,21754285.0,system_historical,7.29,2.74,20.91,0.43,31.03,82.5
2024-08-15,MUHANGA,Night,36213.8,28069.2,8144.6,1851076.0,21557151.0,19706074.0,system_historical,6.94,2.13,20.34,0.35,23.05,77.5
2024-09-01,MUHANGA,Day,35462.6,27477.9,7984.7,1670060.0,21103000.0,19432940.0,system_historical,7.32,3.08,23.46,0.41,26.99,77.5
2024-09-15,MUHANGA,Day,35387.0,27097.0,8290.0,1715226.0,20810473.0,19095247.0,system_historical,7.42,4.47,20.59,0.26,32.74,76.6
2024-10-01,MUHANGA,Night,36209.3,27921.9,8287.4,1716066.0,21444017.0,19727950.0,system_historical,6.91,3.24,18.13,0.42,15.85,77.1
2024-10-15,MUHANGA,Night,36566.5,28855.2,7711.3,1744905.0,22160799.0,20415894.0,system_historical,7.18,3.84,20.75,0.34,21.78,78.9
2024-11-01,MUHANGA,Day,35202.6,28690.8,6511.8,1684145.0,22034527.0,20350382.0,system_historical,6.93,2.22,22.84,0.38,40.05,81.5
2024-11-15,MUHANGA,Day,35786.3,28289.3,7497.0,1447022.0,21726153.0,20279131.0,system_historical,7.32,3.58,20.17,0.41,23.86,79.1
2024-12-01,MUHANGA,Night,36075.5,29149.3,6926.1,1643045.0,22386688.0,20743644.0,system_historical,7.24,1.87,18.79,0.42,16.65,80.8
2024-12-15,MUHANGA,Night,34700.3,26685.9,8014.4,1600948.0,20494798.0,18893850.0,system_historical,7.41,2.24,23.01,0.33,22.38,76.9
2024-01-01,MUSANZE,Day,14505.4,11598.2,2907.2,1252293.0,8907437.0,7655144.0,system_historical,7.15,3.4,20.61,0.41,41.55,80.0
2024-01-15,MUSANZE,Day,14668.9,11385.6,3283.3,1208195.0,8744146.0,7535951.0,system_historical,7.46,2.69,20.54,0.29,32.76,77.6
2024-02-01,MUSANZE,Night,15427.9,12462.3,2965.6,1132026.0,9571079.0,8439053.0,system_historical,7.4,1.88,20.46,0.42,36.32,80.8
2024-02-15,MUSANZE,Night,14933.9,11986.2,2947.7,1394787.0,9205399.0,7810612.0,system_historical,7.08,2.11,18.65,0.34,22.49,80.3
2024-03-01,MUSANZE,Day,14526.5,11944.0,2582.5,1360651.0,9172990.0,7812338.0,system_historical,6.89,2.75,20.49,0.34,20.31,82.2
2024-03-15,MUSANZE,Day,15117.6,11579.2,3538.3,1346104.0,8892851.0,7546747.0,system_historical,6.87,1.84,18.59,0.27,25.56,76.6
2024-04-01,MUSANZE,Night,14680.7,11924.3,2756.4,1182782.0,9157863.0,7975081.0,system_historical,7.16,2.14,20.51,0.37,33.97,81.2
2024-04-15,MUSANZE,Night,14914.8,12234.4,2680.4,1340586.0,9396020.0,8055434.0,system_historical,7.16,2.39,21.87,0.31,17.99,82.0
2024-05-01,MUSANZE,Day,14101.4,11552.2,2549.1,1153844.0,8872120.0,7718276.0,system_historical,7.4,2.16,22.27,0.37,22.04,81.9
2024-05-15,MUSANZE,Day,14960.2,11919.8,3040.4,1431215.0,9154414.0,7723198.0,system_historical,7.22,3.3,21.43,0.28,30.57,79.7
2024-06-01,MUSANZE,Night,14727.9,11645.2,3082.7,1425320.0,8943548.0,7518228.0,system_historical,7.4,2.42,22.17,0.42,15.23,79.1
2024-06-15,MUSANZE,Night,15264.0,12379.1,2884.9,1375609.0,9507145.0,8131536.0,system_historical,6.99,4.23,18.27,0.43,44.63,81.1
2024-07-01,MUSANZE,Day,14440.8,11410.4,3030.5,1406207.0,8763158.0,7356951.0,system_historical,7.38,2.15,23.24,0.27,36.26,79.0
2024-07-15,MUSANZE,Day,14753.4,11816.8,2936.6,1481560.0,9075326.0,7593766.0,system_historical,6.82,4.05,21.02,0.39,42.51,80.1
2024-08-01,MUSANZE,Night,14277.8,11687.3,2590.5,1356389.0,8975825.0,7619436.0,system_historical,7.14,1.64,19.16,0.39,44.22,81.9
2024-08-15,MUSANZE,Night,15101.2,12218.7,2882.5,1309172.0,9383945.0,8074773.0,system_historical,6.83,2.35,23.06,0.43,42.85,80.9
2024-09-01,MUSANZE,Day,15224.8,12503.3,2721.5,1363380.0,9602510.0,8239130.0,system_historical,7.21,3.83,23.1,0.3,39.77,82.1
2024-09-15,MUSANZE,Day,15487.2,12722.9,2764.2,1323204.0,9771225.0,8448021.0,system_historical,6.84,2.81,18.18,0.32,35.6,82.2
2024-10-01,MUSANZE,Night,14759.5,11714.4,3045.1,1259270.0,8996664.0,7737394.0,system_historical,7.31,3.6,22.05,0.31,30.73,79.4
2024-10-15,MUSANZE,Night,15365.6,11839.6,3526.0,1263211.0,9092848.0,7829637.0,system_historical,6.85,3.33,18.69,0.32,29.7,77.1
2024-11-01,MUSANZE,Day,14924.3,12267.1,2657.2,1226017.0,9421142.0,8195125.0,system_historical,6.99,3.76,20.77,0.31,17.88,82.2
2024-11-15,MUSANZE,Day,15311.7,12444.0,2867.7,1371430.0,9557000.0,8185570.0,system_historical,6.83,3.89,22.69,0.42,42.6,81.3
2024-12-01,MUSANZE,Night,14820.3,11479.1,3341.2,1474772.0,8815953.0,7341181.0,system_historical,6.81,3.38,21.52,0.39,27.62,77.5
2024-12-15,MUSANZE,Night,14975.1,11995.4,2979.7,1354049.0,9212455.0,7858406.0,system_historical,7.34,2.23,22.45,0.29,18.89,80.1
2024-01-01,RUBAVU,Day,42975.3,34256.7,8718.6,1788980.0,26309154.0,24520174.0,system_historical,7.34,3.73,18.21,0.42,43.54,79.7
2024-01-15,RUBAVU,Day,41709.5,33569.7,8139.8,1884681.0,25781526.0,23896844.0,system_historical,7.37,3.54,21.86,0.41,27.21,80.5
2024-02-01,RUBAVU,Night,43039.6,33606.2,9433.4,1869736.0,25809558.0,23939822.0,system_historical,6.96,3.84,18.19,0.28,33.1,78.1
2024-02-15,RUBAVU,Night,41519.7,33154.8,8365.0,1848611.0,25462857.0,23614246.0,system_historical,7.35,2.48,22.63,0.37,43.57,79.9
2024-03-01,RUBAVU,Day,41521.6,32431.0,9090.5,1720100.0,24907026.0,23186926.0,system_historical,7.25,2.81,22.88,0.3,27.14,78.1
2024-03-15,RUBAVU,Day,41372.5,32093.7,9278.8,1836220.0,24647988.0,22811768.0,system_historical,6.98,4.09,21.34,0.4,39.14,77.6
2024-04-01,RUBAVU,Night,44719.7,35327.5,9392.3,2028792.0,27131490.0,25102698.0,system_historical,6.9,1.62,22.46,0.39,23.3,79.0
2024-04-15,RUBAVU,Night,41648.5,32019.5,9629.0,1883654.0,24590949.0,22707295.0,system_historical,7.17,3.72,18.42,0.36,26.18,76.9
2024-05-01,RUBAVU,Day,43093.7,33489.4,9604.4,1728686.0,25719835.0,23991149.0,system_historical,6.93,2.58,20.17,0.37,43.79,77.7
2024-05-15,RUBAVU,Day,44188.5,35087.2,9101.3,1815146.0,26946958.0,25131812.0,system_historical,6.81,3.75,19.77,0.37,23.17,79.4
2024-06-01,RUBAVU,Night,43676.0,33542.0,10133.9,1848672.0,25760288.0,23911616.0,system_historical,7.49,3.13,23.07,0.33,36.4,76.8
2024-06-15,RUBAVU,Night,43336.1,34837.6,8498.5,2010768.0,26755294.0,24744526.0,system_historical,7.35,4.24,18.81,0.32,41.22,80.4
2024-07-01,RUBAVU,Day,40810.4,32996.3,7814.1,1544907.0,25341170.0,23796263.0,system_historical,6.93,1.63,19.42,0.44,15.2,80.9
2024-07-15,RUBAVU,Day,42436.3,34464.1,7972.2,1705642.0,26468441.0,24762800.0,system_historical,7.1,4.05,19.19,0.4,30.88,81.2
2024-08-01,RUBAVU,Night,41972.4,33564.8,8407.6,1735480.0,25777763.0,24042283.0,system_historical,7.24,3.37,23.7,0.3,18.3,80.0
2024-08-15,RUBAVU,Night,44255.2,34595.5,9659.7,1864932.0,26569322.0,24704390.0,system_historical,7.16,1.82,22.31,0.27,34.38,78.2
2024-09-01,RUBAVU,Day,40844.6,33636.3,7208.3,1674075.0,25832682.0,24158608.0,system_historical,7.33,3.75,21.07,0.29,42.88,82.4
2024-09-15,RUBAVU,Day,41257.7,32994.4,8263.3,1821184.0,25339670.0,23518486.0,system_historical,7.39,2.5,23.78,0.45,29.97,80.0
2024-10-01,RUBAVU,Night,42720.5,32753.2,9967.3,1916788.0,25154491.0,23237703.0,system_historical,7.38,3.19,22.88,0.27,39.2,76.7
2024-10-15,RUBAVU,Night,44739.9,36259.8,8480.0,1924768.0,27847544.0,25922776.0,system_historical,7.2,3.59,23.72,0.38,40.86,81.0
2024-11-01,RUBAVU,Day,41799.6,31993.4,9806.2,1691032.0,24570954.0,22879922.0,system_historical,7.36,1.86,20.52,0.31,37.55,76.5
2024-11-15,RUBAVU,Day,41228.2,33501.5,7726.7,1742947.0,25729160.0,23986213.0,system_historical,6.93,4.0,20.3,0.3,28.53,81.3
2024-12-01,RUBAVU,Night,40861.1,31638.9,9222.2,1671745.0,24298713.0,22626968.0,system_historical,7.26,3.55,19.72,0.25,30.12,77.4
2024-12-15,RUBAVU,Night,42355.5,34185.7,8169.8,1637362.0,26254623.0,24617261.0,system_historical,7.26,2.26,23.12,0.28,42.96,80.7
2024-01-01,HUYE,Day,25811.2,21029.9,4781.3,1179071.0,16150977.0,14971905.0,system_historical,7.49,3.75,23.23,0.37,26.93,81.5
2024-01-15,HUYE,Day,25443.3,20830.1,4613.2,1265625.0,15997519.0,14731894.0,system_historical,7.14,4.44,22.85,0.25,17.42,81.9
2024-02-01,HUYE,Night,23417.8,18962.5,4455.3,1582387.0,14563211.0,12980824.0,system_historical,7.23,2.5,21.57,0.29,42.82,81.0
2024-02-15,HUYE,Night,24209.6,19410.8,4798.8,1338867.0,14907470.0,13568602.0,system_historical,7.45,2.48,22.4,0.35,30.97,80.2
2024-03-01,HUYE,Day,25038.6,19623.7,5414.9,1553215.0,15071014.0,13517799.0,system_historical,7.37,3.78,18.19,0.28,38.17,78.4
2024-03-15,HUYE,Day,24328.3,19614.2,4714.1,1646744.0,15063709.0,13416966.0,system_historical,7.21,3.67,21.05,0.35,32.1,80.6
2024-04-01,HUYE,Night,24839.9,19749.5,5090.4,1302010.0,15167585.0,13865575.0,system_historical,7.46,1.58,22.1,0.39,36.4,79.5
2024-04-15,HUYE,Night,25062.6,20116.7,4946.0,1612279.0,15449590.0,13837310.0,system_historical,7.15,4.29,18.29,0.4,42.14,80.3
2024-05-01,HUYE,Day,24078.2,18960.7,5117.5,1681257.0,14561805.0,12880548.0,system_historical,7.12,3.95,21.71,0.27,19.19,78.7
2024-05-15,HUYE,Day,24173.0,19741.0,4432.0,1380552.0,15161066.0,13780514.0,system_historical,7.48,4.33,20.04,0.44,38.73,81.7
2024-06-01,HUYE,Night,25107.2,19715.2,5392.0,1483850.0,15141268.0,13657418.0,system_historical,7.36,3.96,19.82,0.36,23.76,78.5
2024-06-15,HUYE,Night,23761.5,18452.0,5309.5,1598874.0,14171121.0,12572247.0,system_historical,7.38,3.19,19.16,0.32,35.7,77.7
2024-07-01,HUYE,Day,25850.7,20175.8,5675.0,1534454.0,15494995.0,13960541.0,system_historical,7.23,3.01,19.04,0.41,20.16,78.0
2024-07-15,HUYE,Day,23697.0,18654.5,5042.5,1478480.0,14326633.0,12848152.0,system_historical,7.29,3.95,21.2,0.32,44.16,78.7
2024-08-01,HUYE,Night,24302.1,19439.1,4863.0,1500826.0,14929230.0,13428403.0,system_historical,7.26,2.56,19.1,0.27,27.48,80.0
2024-08-15,HUYE,Night,25232.2,19922.5,5309.7,1461952.0,15300469.0,13838518.0,system_historical,7.39,2.06,18.82,0.26,27.76,79.0
2024-09-01,HUYE,Day,24058.5,18813.6,5244.9,1741679.0,14448813.0,12707135.0,system_historical,7.41,2.28,18.03,0.34,28.05,78.2
2024-09-15,HUYE,Day,24060.8,19738.7,4322.1,1568154.0,15159353.0,13591199.0,system_historical,6.96,2.84,23.97,0.41,24.24,82.0
2024-10-01,HUYE,Night,25218.3,19871.8,5346.5,1448734.0,15261569.0,13812835.0,system_historical,7.1,2.77,19.34,0.36,32.06,78.8
2024-10-15,HUYE,Night,25672.2,20167.3,5504.9,1391820.0,15488496.0,14096676.0,system_historical,7.08,4.48,19.42,0.44,40.41,78.6
2024-11-01,HUYE,Day,24895.1,20493.5,4401.7,1245025.0,15738973.0,14493948.0,system_historical,7.47,2.33,18.14,0.34,33.69,82.3
2024-11-15,HUYE,Day,24130.9,19744.9,4386.0,1502603.0,15164067.0,13661465.0,system_historical,7.44,3.09,19.16,0.35,15.46,81.8
2024-12-01,HUYE,Night,24677.4,20190.0,4487.4,1565728.0,15505938.0,13940210.0,system_historical,7.08,1.52,23.2,0.44,28.98,81.8
2024-12-15,HUYE,Night,23847.5,18712.3,5135.2,1458695.0,14371060.0,12912364.0,system_historical,6.81,2.94,19.33,0.4,41.86,78.5
2025-01-01,KIGALI,Day,106697.8,86195.0,20502.8,2674886.0,66197771.0,63522885.0,system_historical,7.11,3.5,23.08,0.37,16.66,80.8
2025-01-15,KIGALI,Day,99898.4,79409.8,20488.6,3155271.0,60986731.0,57831460.0,system_historical,7.49,3.82,18.8,0.36,31.5,79.5
2025-02-01,KIGALI,Night,105515.3,85545.7,19969.6,3102310.0,65699107.0,62596797.0,system_historical,6.88,2.32,18.4,0.34,38.06,81.1
2025-02-15,KIGALI,Night,109602.9,86366.4,23236.5,2724948.0,66329409.0,63604462.0,system_historical,7.37,2.98,18.66,0.34,24.04,78.8
2025-03-01,KIGALI,Day,109613.9,90453.8,19160.1,2904914.0,69468486.0,66563572.0,system_historical,7.42,2.69,20.04,0.26,29.32,82.5
2025-03-15,KIGALI,Day,101785.2,79957.8,21827.4,2924233.0,61407577.0,58483344.0,system_historical,7.11,2.04,18.74,0.28,16.52,78.6
2025-04-01,KIGALI,Night,108873.4,90800.9,18072.5,2654668.0,69735115.0,67080447.0,system_historical,6.87,1.56,22.21,0.36,17.33,83.4
2025-04-15,KIGALI,Night,107319.0,84321.1,22997.9,2847785.0,64758584.0,61910799.0,system_historical,7.01,2.01,23.53,0.37,37.58,78.6
2025-05-01,KIGALI,Day,99934.7,81251.4,18683.3,2634147.0,62401113.0,59766967.0,system_historical,7.33,2.81,23.91,0.28,15.82,81.3
2025-05-15,KIGALI,Day,102012.3,82673.1,19339.2,2900550.0,63492974.0,60592424.0,system_historical,7.12,3.74,18.03,0.43,44.99,81.0
2025-06-01,KIGALI,Night,102097.2,85124.2,16973.0,2825280.0,65375393.0,62550113.0,system_historical,7.44,3.42,21.17,0.39,16.45,83.4
2025-06-15,KIGALI,Night,108741.7,88126.9,20614.8,3026036.0,67681431.0,64655394.0,system_historical,6.98,4.39,19.99,0.28,40.44,81.0
2025-07-01,KIGALI,Day,110124.3,90450.1,19674.1,3075492.0,69465707.0,66390214.0,system_historical,7.35,2.64,23.67,0.33,26.96,82.1
2025-07-15,KIGALI,Day,109164.9,90577.5,18587.5,2717754.0,69563499.0,66845745.0,system_historical,7.07,3.81,18.36,0.43,27.4,83.0
2025-08-01,KIGALI,Night,104984.6,86178.5,18806.1,3360501.0,66185061.0,62824560.0,system_historical,7.42,2.73,21.29,0.42,20.22,82.1
2025-08-15,KIGALI,Night,107452.4,85952.3,21500.1,3000463.0,66011361.0,63010898.0,system_historical,7.42,1.81,22.42,0.41,34.96,80.0
2025-09-01,KIGALI,Day,100455.6,83147.6,17308.0,2600235.0,63857334.0,61257099.0,system_historical,7.48,2.24,20.23,0.34,40.56,82.8
2025-09-15,KIGALI,Day,101034.5,81480.6,19553.9,3097220.0,62577069.0,59479848.0,system_historical,7.41,1.52,21.92,0.34,27.43,80.6
2025-10-01,KIGALI,Night,102862.9,84933.3,17929.6,2673993.0,65228756.0,62554763.0,system_historical,7.45,3.46,21.29,0.26,38.74,82.6
2025-10-15,KIGALI,Night,107214.5,85000.1,22214.4,3138415.0,65280056.0,62141640.0,system_historical,7.09,3.55,21.48,0.44,38.23,79.3
2025-11-01,KIGALI,Day,103432.5,86142.8,17289.7,2748548.0,66157687.0,63409139.0,system_historical,7.26,2.29,21.51,0.41,37.95,83.3
2025-11-15,KIGALI,Day,103208.5,82548.7,20659.8,2989634.0,63397437.0,60407803.0,system_historical,7.02,1.82,22.49,0.28,31.63,80.0
2025-12-01,KIGALI,Night,107932.9,84615.1,23317.8,3271445.0,64984419.0,61712974.0,system_historical,7.12,4.4,23.93,0.28,42.7,78.4
2025-12-15,KIGALI,Night,107681.3,88363.7,19317.6,2668567.0,67863343.0,65194776.0,system_historical,7.48,2.17,22.64,0.36,24.18,82.1
2025-01-01,MUHANGA,Day,36148.3,28647.3,7501.1,1404210.0,22001110.0,20596900.0,system_historical,7.44,3.71,21.15,0.26,30.62,79.2
2025-01-15,MUHANGA,Day,38079.4,29941.0,8138.4,1549085.0,22994673.0,21445588.0,system_historical,6.87,3.34,21.7,0.35,42.91,78.6
2025-02-01,MUHANGA,Night,35206.0,28918.1,6287.9,1711843.0,22209100.0,20497257.0,system_historical,7.2,3.92,19.63,0.26,22.26,82.1
2025-02-15,MUHANGA,Night,38153.4,30763.9,7389.5,1747588.0,23626683.0,21879095.0,system_historical,7.03,3.5,22.86,0.42,24.32,80.6
2025-03-01,MUHANGA,Day,36651.5,30433.6,6217.9,1837601.0,23373023.0,21535422.0,system_historical,7.2,3.58,18.36,0.3,32.79,83.0
2025-03-15,MUHANGA,Day,36380.1,28885.1,7495.0,1826499.0,22183744.0,20357245.0,system_historical,7.5,2.98,23.78,0.28,41.29,79.4
2025-04-01,MUHANGA,Night,35193.7,27655.7,7538.1,1664554.0,21239544.0,19574990.0,system_historical,7.49,3.6,20.08,0.32,31.88,78.6
2025-04-15,MUHANGA,Night,37636.1,30325.5,7310.5,1811359.0,23290021.0,21478661.0,system_historical,7.31,2.6,19.57,0.41,43.33,80.6
2025-05-01,MUHANGA,Day,35283.6,28315.3,6968.3,1641417.0,21746143.0,20104726.0,system_historical,7.47,1.79,18.41,0.31,37.01,80.3
2025-05-15,MUHANGA,Day,38132.1,31904.5,6227.6,1936964.0,24502660.0,22565695.0,system_historical,7.34,2.07,20.15,0.41,34.11,83.7
2025-06-01,MUHANGA,Night,35267.1,27660.3,7606.8,1535316.0,21243093.0,19707777.0,system_historical,7.02,3.02,22.95,0.3,18.19,78.4
2025-06-15,MUHANGA,Night,37669.1,30800.4,6868.7,1750587.0,23654711.0,21904124.0,system_historical,7.23,2.39,23.51,0.45,32.37,81.8
2025-07-01,MUHANGA,Day,38514.0,31773.9,6740.2,1616308.0,24402332.0,22786024.0,system_historical,7.34,2.56,21.31,0.32,22.53,82.5
2025-07-15,MUHANGA,Day,38817.0,32204.6,6612.5,1572712.0,24733121.0,23160409.0,system_historical,7.04,4.4,20.78,0.26,30.58,83.0
2025-08-01,MUHANGA,Night,35876.2,29834.2,6042.0,1809470.0,22912676.0,21103206.0,system_historical,7.13,2.43,19.85,0.31,21.75,83.2
2025-08-15,MUHANGA,Night,37367.7,30488.1,6879.6,1653950.0,23414856.0,21760906.0,system_historical,7.36,3.38,18.94,0.32,44.08,81.6
2025-09-01,MUHANGA,Day,36777.1,29507.3,7269.8,1782485.0,22661581.0,20879096.0,system_historical,6.83,4.16,18.46,0.28,19.08,80.2
2025-09-15,MUHANGA,Day,36940.8,29784.7,7156.2,1629879.0,22874631.0,21244753.0,system_historical,7.11,4.42,21.31,0.3,41.88,80.6
2025-10-01,MUHANGA,Night,38179.9,30078.7,8101.2,1505154.0,23100425.0,21595271.0,system_historical,7.27,1.74,18.28,0.39,22.64,78.8
2025-10-15,MUHANGA,Night,36938.4,29643.5,7294.9,1682911.0,22766221.0,21083309.0,system_historical,7.26,1.93,23.7,0.36,33.03,80.3
2025-11-01,MUHANGA,Day,38656.8,31730.6,6926.3,1745519.0,24369082.0,22623564.0,system_historical,7.23,1.71,21.49,0.28,27.08,82.1
2025-11-15,MUHANGA,Day,36723.2,29399.0,7324.2,1679420.0,22578401.0,20898981.0,system_historical,7.1,1.67,18.22,0.28,26.76,80.1
2025-12-01,MUHANGA,Night,35663.2,29592.6,6070.6,1414061.0,22727153.0,21313092.0,system_historical,6.91,1.98,23.18,0.28,38.11,83.0
2025-12-15,MUHANGA,Night,36329.1,28348.1,7981.0,1624252.0,21771320.0,20147068.0,system_historical,6.94,3.99,22.94,0.39,16.51,78.0
2025-01-01,MUSANZE,Day,14417.7,12026.4,2391.2,1267399.0,9236311.0,7968912.0,system_historical,7.16,2.26,19.27,0.41,41.57,83.4
2025-01-15,MUSANZE,Day,14529.7,11720.8,2808.9,1271504.0,9001575.0,7730070.0,system_historical,7.26,4.49,23.99,0.28,32.47,80.7
2025-02-01,MUSANZE,Night,14601.2,11689.7,2911.4,1352148.0,8977705.0,7625556.0,system_historical,7.23,2.49,21.63,0.45,30.42,80.1
2025-02-15,MUSANZE,Night,14251.9,11588.9,2663.0,1258311.0,8900267.0,7641956.0,system_historical,7.27,4.04,18.95,0.32,24.69,81.3
2025-03-01,MUSANZE,Day,13714.8,10746.7,2968.1,1282422.0,8253456.0,6971034.0,system_historical,6.92,4.21,21.71,0.34,39.22,78.4
2025-03-15,MUSANZE,Day,13768.8,10831.9,2936.9,1207074.0,8318902.0,7111828.0,system_historical,6.97,3.76,19.86,0.34,28.31,78.7
2025-04-01,MUSANZE,Night,13419.1,10561.5,2857.7,1410202.0,8111204.0,6701002.0,system_historical,6.93,4.03,18.46,0.41,19.39,78.7
2025-04-15,MUSANZE,Night,13730.6,10779.0,2951.6,1264378.0,8278243.0,7013866.0,system_historical,7.25,1.68,21.67,0.44,24.85,78.5
2025-05-01,MUSANZE,Day,13895.1,11263.8,2631.3,1143453.0,8650620.0,7507167.0,system_historical,7.47,4.05,20.74,0.26,26.59,81.1
2025-05-15,MUSANZE,Day,14594.8,11615.5,2979.3,1256921.0,8920726.0,7663805.0,system_historical,7.33,3.84,19.99,0.3,22.52,79.6
2025-06-01,MUSANZE,Night,14335.7,11741.6,2594.0,1325828.0,9017584.0,7691756.0,system_historical,7.19,2.97,20.56,0.41,33.44,81.9
2025-06-15,MUSANZE,Night,13466.8,11015.5,2451.3,1260900.0,8459927.0,7199027.0,system_historical,7.17,3.38,20.88,0.29,21.05,81.8
2025-07-01,MUSANZE,Day,13854.5,11445.9,2408.7,1444398.0,8790419.0,7346021.0,system_historical,6.84,1.94,19.01,0.44,38.83,82.6
2025-07-15,MUSANZE,Day,14681.6,11962.4,2719.3,1195466.0,9187090.0,7991623.0,system_historical,7.06,2.81,22.97,0.44,42.31,81.5
2025-08-01,MUSANZE,Night,14056.4,11797.8,2258.6,1230202.0,9060731.0,7830529.0,system_historical,7.43,2.75,23.2,0.31,28.43,83.9
2025-08-15,MUSANZE,Night,13610.0,11367.0,2242.9,1340274.0,8729865.0,7389590.0,system_historical,6.84,2.63,20.18,0.39,16.01,83.5
2025-09-01,MUSANZE,Day,13551.6,11368.4,2183.3,1244905.0,8730898.0,7485993.0,system_historical,6.96,2.6,19.59,0.32,19.76,83.9
2025-09-15,MUSANZE,Day,13599.5,10639.8,2959.7,1424734.0,8171340.0,6746606.0,system_historical,7.07,1.82,18.4,0.26,30.22,78.2
2025-10-01,MUSANZE,Night,14197.2,11101.8,3095.4,1283195.0,8526171.0,7242976.0,system_historical,7.13,3.15,22.09,0.36,20.94,78.2
2025-10-15,MUSANZE,Night,13764.3,11327.0,2437.2,1256647.0,8699163.0,7442517.0,system_historical,7.09,2.51,21.52,0.32,16.16,82.3
2025-11-01,MUSANZE,Day,14615.9,11430.3,3185.6,1376700.0,8778455.0,7401755.0,system_historical,7.43,3.92,19.26,0.27,27.39,78.2
2025-11-15,MUSANZE,Day,13896.9,11354.8,2542.1,1179498.0,8720462.0,7540964.0,system_historical,7.41,2.78,20.12,0.27,16.46,81.7
2025-12-01,MUSANZE,Night,14317.1,11811.4,2505.7,1474634.0,9071141.0,7596507.0,system_historical,7.4,1.64,22.61,0.35,24.8,82.5
2025-12-15,MUSANZE,Night,13634.9,10795.7,2839.3,1433324.0,8291093.0,6857769.0,system_historical,7.1,2.63,20.2,0.32,28.14,79.2
2025-01-01,RUBAVU,Day,43786.8,36363.2,7423.6,1574512.0,27926950.0,26352438.0,system_historical,6.88,1.7,22.92,0.35,20.53,83.0
2025-01-15,RUBAVU,Day,42366.6,35167.9,7198.7,1900134.0,27008957.0,25108823.0,system_historical,7.37,2.27,20.99,0.41,17.24,83.0
2025-02-01,RUBAVU,Night,43708.1,36264.0,7444.1,2056968.0,27850728.0,25793760.0,system_historical,7.0,3.5,21.8,0.31,37.92,83.0
2025-02-15,RUBAVU,Night,41078.9,32255.2,8823.8,1559445.0,24771973.0,23212529.0,system_historical,7.48,3.61,21.76,0.39,43.2,78.5
2025-03-01,RUBAVU,Day,43833.7,35108.4,8725.3,1788267.0,26963260.0,25174994.0,system_historical,7.05,4.39,21.63,0.36,38.53,80.1
2025-03-15,RUBAVU,Day,43680.2,34895.6,8784.6,1649915.0,26799847.0,25149931.0,system_historical,6.99,2.69,22.54,0.38,25.86,79.9
2025-04-01,RUBAVU,Night,43031.2,34439.0,8592.2,1549118.0,26449126.0,24900008.0,system_historical,7.32,3.98,20.83,0.44,15.61,80.0
2025-04-15,RUBAVU,Night,43348.2,34842.7,8505.4,1868057.0,26759204.0,24891147.0,system_historical,7.42,1.61,21.79,0.34,25.71,80.4
2025-05-01,RUBAVU,Day,41121.6,32445.8,8675.8,1765418.0,24918369.0,23152951.0,system_historical,7.24,1.53,18.48,0.4,16.25,78.9
2025-05-15,RUBAVU,Day,42281.0,33071.9,9209.1,1905460.0,25399245.0,23493785.0,system_historical,7.38,2.24,21.44,0.32,22.62,78.2
2025-06-01,RUBAVU,Night,42240.5,34704.0,7536.5,1892166.0,26652708.0,24760542.0,system_historical,7.38,2.55,20.84,0.31,26.8,82.2
2025-06-15,RUBAVU,Night,43533.3,35660.1,7873.2,2031760.0,27386943.0,25355184.0,system_historical,6.92,3.34,20.57,0.42,34.61,81.9
2025-07-01,RUBAVU,Day,42860.0,34305.7,8554.3,1770165.0,26346774.0,24576609.0,system_historical,6.96,3.87,23.72,0.4,34.38,80.0
2025-07-15,RUBAVU,Day,43436.8,36443.5,6993.3,1729102.0,27988616.0,26259514.0,system_historical,7.3,4.2,22.13,0.27,25.14,83.9
2025-08-01,RUBAVU,Night,42034.9,35125.8,6909.1,1960435.0,26976622.0,25016187.0,system_historical,7.07,1.82,23.66,0.41,18.52,83.6
2025-08-15,RUBAVU,Night,42840.0,34879.6,7960.4,1750448.0,26787542.0,25037093.0,system_historical,7.5,1.96,20.4,0.3,34.17,81.4
2025-09-01,RUBAVU,Day,42467.6,35227.6,7240.0,1913535.0,27054806.0,25141271.0,system_historical,6.93,3.42,20.6,0.42,26.89,83.0
2025-09-15,RUBAVU,Day,44664.6,36591.8,8072.8,1967413.0,28102470.0,26135057.0,system_historical,7.2,4.24,18.38,0.31,19.07,81.9
2025-10-01,RUBAVU,Night,44882.3,37432.0,7450.3,1944203.0,28747810.0,26803607.0,system_historical,7.19,3.12,18.04,0.37,20.47,83.4
2025-10-15,RUBAVU,Night,43707.5,35680.6,8027.0,1689764.0,27402686.0,25712922.0,system_historical,6.92,3.76,18.68,0.34,29.58,81.6
2025-11-01,RUBAVU,Day,41496.3,33267.9,8228.4,1823815.0,25549773.0,23725957.0,system_historical,7.31,1.73,18.27,0.39,27.11,80.2
2025-11-15,RUBAVU,Day,42343.0,33053.9,9289.1,1591217.0,25385410.0,23794193.0,system_historical,7.11,2.91,23.63,0.44,29.38,78.1
2025-12-01,RUBAVU,Night,42486.8,34870.5,7616.3,1755144.0,26780517.0,25025373.0,system_historical,6.8,1.59,19.53,0.38,26.21,82.1
2025-12-15,RUBAVU,Night,41833.6,35039.3,6794.4,1816878.0,26910152.0,25093274.0,system_historical,7.43,3.11,22.32,0.36,38.12,83.8
2025-01-01,HUYE,Day,24294.9,19155.7,5139.1,1570410.0,14711611.0,13141201.0,system_historical,7.0,1.72,23.16,0.35,24.19,78.8
2025-01-15,HUYE,Day,24595.5,19291.8,5303.7,1489738.0,14816138.0,13326400.0,system_historical,7.38,2.23,18.78,0.43,18.9,78.4
2025-02-01,HUYE,Night,24177.1,19821.7,4355.4,1379983.0,15223077.0,13843093.0,system_historical,6.83,4.04,22.64,0.43,39.99,82.0
2025-02-15,HUYE,Night,25315.4,20980.6,4334.8,1348907.0,16113094.0,14764187.0,system_historical,7.49,2.02,22.5,0.33,33.63,82.9
2025-03-01,HUYE,Day,23449.3,19164.5,4284.7,1640772.0,14718366.0,13077594.0,system_historical,7.03,2.24,20.82,0.27,27.29,81.7
2025-03-15,HUYE,Day,24882.0,20229.6,4652.4,1512552.0,15536333.0,14023782.0,system_historical,7.34,4.07,21.57,0.44,30.38,81.3
2025-04-01,HUYE,Night,24376.8,19690.5,4686.3,1599430.0,15122301.0,13522872.0,system_historical,7.08,2.4,22.21,0.38,44.53,80.8
2025-04-15,HUYE,Night,23896.1,19023.1,4873.0,1389385.0,14609724.0,13220339.0,system_historical,7.49,2.14,23.81,0.42,29.68,79.6
2025-05-01,HUYE,Day,24297.2,19455.6,4841.7,1316549.0,14941873.0,13625324.0,system_historical,7.1,3.36,22.16,0.39,23.75,80.1
2025-05-15,HUYE,Day,25126.9,19847.7,5279.2,1757043.0,15243056.0,13486013.0,system_historical,7.38,2.97,22.98,0.34,35.32,79.0
2025-06-01,HUYE,Night,25210.3,20138.5,5071.8,1547264.0,15466350.0,13919086.0,system_historical,7.18,2.76,20.91,0.3,44.53,79.9
2025-06-15,HUYE,Night,24774.0,20305.1,4468.8,1621061.0,15594351.0,13973289.0,system_historical,6.9,1.57,21.38,0.29,30.05,82.0
2025-07-01,HUYE,Day,24903.2,20361.6,4541.6,1495848.0,15637709.0,14141861.0,system_historical,6.81,4.04,23.52,0.44,29.41,81.8
2025-07-15,HUYE,Day,23283.6,18701.3,4582.3,1630213.0,14362622.0,12732409.0,system_historical,7.34,2.59,18.42,0.35,43.61,80.3
2025-08-01,HUYE,Night,23638.0,19699.3,3938.7,1675169.0,15129076.0,13453907.0,system_historical,6.98,2.5,23.68,0.37,15.14,83.3
2025-08-15,HUYE,Night,24958.8,20527.5,4431.3,1431193.0,15765155.0,14333962.0,system_historical,7.22,4.45,23.1,0.4,32.52,82.2
2025-09-01,HUYE,Day,25529.6,21021.5,4508.1,1597841.0,16144504.0,14546664.0,system_historical,7.23,3.47,20.34,0.39,22.68,82.3
2025-09-15,HUYE,Day,24989.8,20868.1,4121.7,1484932.0,16026676.0,14541743.0,system_historical,7.29,4.08,18.96,0.26,41.38,83.5
2025-10-01,HUYE,Night,25530.0,20228.9,5301.1,1488967.0,15535827.0,14046859.0,system_historical,6.96,3.75,20.51,0.34,38.42,79.2
2025-10-15,HUYE,Night,23717.4,18895.6,4821.8,1589079.0,14511844.0,12922765.0,system_historical,7.24,2.93,21.45,0.33,35.41,79.7
2025-11-01,HUYE,Day,24019.4,19810.0,4209.5,1304206.0,15214046.0,13909840.0,system_historical,6.98,3.54,20.74,0.36,29.84,82.5
2025-11-15,HUYE,Day,25191.8,20606.6,4585.2,1511200.0,15825853.0,14314653.0,system_historical,7.03,4.3,23.6,0.3,32.56,81.8
2025-12-01,HUYE,Night,25577.4,20530.6,5046.7,1620552.0,15767530.0,14146978.0,system_historical,7.11,1.68,23.12,0.35,19.08,80.3
2025-12-15,HUYE,Night,25077.0,20228.5,4848.5,1412040.0,15535461.0,14123421.0,system_historical,7.04,3.21,22.6,0.35,22.84,80.7
2026-06-08,KIGALI,Day,65778.0,68888.0,-3110.0,33689.0,52905984.0,52872295.0,Jacque,7.0,0.0,25.0,0.3,10.0,104.72802456748458
